ID	StromalScore_mic	ImmuneScore_mic	ESTIMATEScore_mic	TumorPurity_mic	SLC2A7_RNA	SLC2A4_RNA	SLC2A1_RNA	SLC2A2_RNA	SLC2A11_RNA	SLC2A9_RNA	SLC2A8_RNA	G6PC3_RNA	G6PC2_RNA	GLB1L_RNA	SLC2A12_RNA	SLC2A3_RNA	SLC2A6_RNA	GLB1_RNA	SLC5A1_RNA	GALM_RNA	AKR1B1_RNA	SLC2A10_RNA	SLC2A14_RNA	AKR1B10_RNA	SLC2A5_RNA	LCT_RNA	SI_RNA	AGL_RNA	AMY1B_RNA	SETD5_RNA	LYZL1_RNA	SLC3A1_RNA	GBA2_RNA	AMY2A_RNA	GAA_RNA	GBA_RNA	GANAB_RNA	MGAM_RNA	SLC5A12_RNA	SLC5A2_RNA	SLC7A9_RNA	TREH_RNA	SLC5A10_RNA	SLC5A9_RNA	MOGS_RNA	SLC5A11_RNA	SLC3A2_RNA	PGGHG_RNA	GANC_RNA	GALC_RNA	SAPCD1_RNA	CAPN3_RNA	KANSL3_RNA	HKDC1_RNA	B4GALT1_RNA	HK1_RNA	B4GALT2_RNA	LALBA_RNA	HK2_RNA	HK3_RNA	GCK_RNA	ADPGK_RNA	Maltotetraose_upmeta	Maltotriose_upmeta	D-Maltose_upmeta	meta
LCS_501	-470.672697732706	2080.42831690595	1609.75561917325	0.666508648918248	5.28214023085611	5.36061060850951	7.15705282186634	9.98936776732195	5.41560352361608	4.91708540240558	6.08002367496991	5.55246070550171	3.41429728975992	7.0640533124071	5.13873061540579	8.67095881829656	6.33275976078872	7.69823448122315	5.1204008664887	7.22829800477808	6.43751433854048	8.35850254722903	6.06314771738526	8.46652486488296	5.57524298945196	3.84319231414175	2.59425943273866	6.86550181801753	5.0723277810165	7.4847073816486	3.68138103191864	4.21431553928606	6.38525768876264	4.52717444402405	7.44918761403899	8.76833106642152	8.89088677119984	3.82715020378412	4.15474393085659	5.87286760315115	6.39254358045881	4.94975083946786	5.57042654210923	6.90448299486314	6.45650120118338	4.93396035285707	8.88714178164664	5.91725883513773	6.42046457862166	6.97271925466797	6.27281552626335	5.26017793024182	7.2755300622702	7.91357448596429	7.62661946417114	4.48688216645544	6.75798727260507	3.58818115935684	7.06720887376157	5.65456291123985	5.28992140852863	5.4649086850315	14.1368	14.2585	14.8188	27.4319
LCS_502	673.077446092575	3014.57890163221	3687.65634772478	0.411868810235354	5.75712178796524	5.66838821445899	6.05647533274504	10.1379217270516	5.66890080694165	5.23340125356831	6.14301448452283	6.01637737186379	3.65310733586152	5.88853322773714	4.33971691959637	8.29169267744408	6.30786151173758	7.09668839074396	4.93591240903019	7.56412173453474	5.83938301109848	6.78096256939332	6.23807805924621	11.2511849760257	5.74816836712621	3.90222598522384	2.62854207564214	6.65283122601115	5.68910761550684	7.21733560070382	3.96364299604151	4.75877412414679	6.44544240819003	5.58345796526451	7.58525516180058	7.49534214437554	8.91312202502318	4.43813812571505	3.96160048739607	6.14751159431409	6.48701884476944	5.74217813282556	5.88982765089421	6.7169068393814	6.47936370819253	5.40462973644754	9.09995060768864	6.78686969359955	7.1324154731202	5.65090599904103	6.61867943983552	6.43172593523046	7.18481203014206	7.92412353047231	8.08253088185572	5.3002927096079	6.92025286620039	3.50079311538734	5.25598150726868	6.05498530681009	5.62250803469807	5.17645793471189	17.202	18.0847	18.3906	27.4657
LCS_503	55.3353111621776	2519.74071297875	2575.07602414093	0.55454645047659	5.91203362505625	5.65577036813478	6.19822978269007	10.5142578874526	5.4707617057233	6.62823324992661	6.42769309153923	5.65961778331576	3.67601266071762	5.57252805860943	5.50744139146314	8.59295390316307	6.30021048269969	7.37156900573174	5.00136667729386	7.41225410623646	5.93282594913756	6.91609999145121	6.32657131526607	10.341053699395	7.10459153879686	4.08805341049706	2.74346500781739	7.71982946421209	5.62705520971459	7.11400805404766	3.9942343028169	4.86334112502569	6.71638267148102	5.65079054257789	7.42416195086614	6.86168450759169	8.78109480086738	4.03906655870121	3.96218908540485	6.19404863081969	6.28832157557416	5.50640151298549	5.91514678745923	6.91474389051048	6.52525810457584	5.86968231247	8.28978143768135	6.33368088621369	7.18885820209031	5.58111494345215	6.08696357571124	6.16877798701016	6.94265178188132	6.1736420624245	8.82423998604065	5.18190983122135	6.67409542329257	3.58266874552744	5.09076832635171	6.12458251755414	5.75081805508419	5.71505766748349	11.2883	13.6609	13.1864	29.4666
LCS_504	-382.683021806808	2128.26656484136	1745.58354303455	0.651513464005902	5.74848414508905	5.86110114295384	6.35417345265062	11.1275108484173	5.64926639650539	5.3413273743824	6.39498688015498	5.9837662955243	3.625782575303	5.69155944360845	5.71449863257831	7.98877053103395	6.2591412703662	7.14301458856581	4.79794850096953	7.37375451663095	5.70558434215941	7.6851490233641	6.03009978470038	6.12171235913807	5.36502306140147	4.09690917931551	2.6305937190965	6.6838175452662	5.63994002101096	7.01192860772882	4.0846891136646	3.88203506082456	6.57552844632409	5.53990336603101	7.55294944319275	7.65363547933454	8.81317202090558	4.02488933431083	4.02088658020874	6.22713232182335	6.11283856199526	5.49085066736325	5.92118018898615	5.55072313155116	6.53165097953099	5.44602905435645	8.65419031345357	6.31435650730463	7.76601757572282	5.92439365996389	6.38356287539504	6.98044973211702	7.12092957363813	5.04854444169449	7.99670076582278	4.72165266169265	6.69686137221559	3.64406580257975	4.89974213972803	6.08061933686424	5.72728838549145	5.43335607821784	16.9947	16.2546	18.7474	27.6183
LCS_505	-1042.7325046965	1740.562055554	697.829550857494	0.760040766057954	5.79514903925557	5.98096847207093	6.29068947367661	11.2206706888791	5.65244512724269	6.92235231178321	6.10996711898017	5.74851285106046	3.61602797326058	5.73374124796496	4.4252792647247	7.15533159375511	6.31199034629263	7.29937642380013	4.91048317596448	8.03318720788968	5.38142090462853	7.38620981183366	5.85858733231017	5.15524355626289	5.28046063359301	3.97465483042859	2.57761738156892	6.96033951561233	5.81894859068777	7.4225599616891	3.88878819421289	4.13288965415779	6.62418256036856	5.68185260055236	6.70404785659707	7.27413140994659	8.58144004725452	3.94916151516406	3.99384706797469	6.16984615730597	7.36521619552453	5.3685195956218	5.81085843063383	8.00578738566527	6.50905819789365	5.66537526695351	7.04749701098013	6.22694380704204	6.52429949009744	5.63793571321779	6.72943528367009	5.8430594481248	7.31678736798676	5.78133856975289	8.05103716242447	4.63833110442161	6.86814340961498	3.57327629035178	5.11316942835499	6.00575323018563	5.6252905960725	4.59212498701488	18.33	20.1922	20.1937	28.6191
LCS_506	31.9338250645928	2258.86726124236	2290.80108630695	0.588777932623808	5.63102615175688	5.57387854138644	7.18049828594984	10.3251677557392	5.57855465834871	6.07838883904164	6.25334265399103	6.49793964542437	3.40328920392289	5.50822782602729	5.54055038952823	8.09175126220778	6.33089560072889	6.84213267073994	4.77067149185938	7.43916534939913	5.70019133567044	5.9532421795582	6.10517197330314	11.0032452084002	7.2456304752516	3.9284190440843	2.64186592090281	7.11823088891863	5.83930990348328	7.17120437933922	4.03030514434693	5.57082665254494	6.80087900896858	5.78395491662342	7.38466215318944	7.71661827048378	8.69227555878026	3.82992501531589	4.38951795954234	6.18651356798198	7.0369326889572	5.37345404745841	5.85827147882335	5.57805422422602	6.08476152148305	5.99614707092134	8.74320912368658	6.27116901607484	6.34353540436238	6.10588162908159	7.1429935954319	5.53745102961894	7.30525343156179	6.15118448230087	7.80526792587916	4.86082754763982	6.85109766855909	3.45173702125737	5.78932914744411	6.03475810446567	5.79823044048121	5.12589660899097	18.401	19.2933	18.7431	28.191
LCS_507	-76.5914269340714	1839.28608248695	1762.69465555288	0.649605932443747	5.36678614867954	5.19171688684587	6.07456754097111	11.0473370400506	5.03083203212502	6.69120953895961	6.07000077105874	6.01556729209678	3.45841484970276	6.39853022210012	6.21060736694573	7.32333461858932	5.7959845596849	7.57509692794992	4.6672134181714	8.08624561905906	5.52294704992683	8.02594440983477	5.58671756513936	10.4397840884388	5.36524175563259	3.84647617747211	2.49794626929844	7.54542549534175	6.93426854020782	7.61010988809509	3.68733749131546	5.01048952919381	8.88936508868255	7.36766893191791	7.35005130267524	7.13989820327161	9.1999997390925	4.16892682806307	8.5842218076387	5.61896312747306	6.81566569967007	5.00423201929093	5.45476263328942	6.69837699915864	6.32984604208785	5.50790638006592	8.03985169363045	5.73943452223295	7.59216274692389	5.93379561784583	6.29021450503101	6.60188454355688	7.18820885053415	5.25014608590019	9.94512397489632	4.29095849806772	6.50434847866544	3.34672057223242	4.62007389824146	5.4091349385975	5.28575482934244	5.15992872253242	15.7553	18.2718	19.0233	30.0114
LCS_508	-2357.11879390502	7.43541463960941	-2349.68337926541	0.966369167370311	5.64000576044508	5.64381862779502	7.44851189590386	7.81562554647031	5.59670043019783	4.95694479016658	6.26914235796034	6.45439063216492	3.44279744045002	6.92797671765702	4.73473992589016	7.27595801093407	6.27921298151005	6.5613515603086	4.72053776153532	7.35469876972454	5.92066058525123	6.75303540163703	5.59371651993966	12.3300229339821	5.51542087172878	3.95486950037763	3.15358141342838	7.07533384120214	4.98568996495313	7.1433197327678	3.98089325497896	4.8271035937066	6.18729844216785	4.06666744502497	7.11791376599107	7.98170388422481	9.38729219440491	3.81193678442257	6.84885615754679	6.2154319385977	7.41309664579319	5.20829763984049	5.91825059198934	7.60768352130918	6.61439411376234	6.18659191602944	8.83022105972563	6.56034220909969	5.4907986560514	6.29745612915443	6.95999142777059	5.03721722592875	7.06801617702934	5.72653940836965	7.1832131359687	4.59149086611043	6.96721659900496	3.53507638641967	6.22181861728353	5.98742625560194	5.69740359990296	5.19694207178794	15.4181	13.6609	13.1864	26.5178
LCS_509	432.421691219434	3470.01141456103	3902.43310578047	0.38294037764497	5.31154848829133	5.71301296017153	9.56737971389519	8.69636792223413	5.23798540170347	4.96583263830709	6.41264020850549	7.48464056236481	3.36421600836793	5.90879035179972	4.19944915356781	9.65129499765612	6.31303086245581	8.15806332714028	4.58443257514319	8.01475489096062	6.00707345275027	5.59736119155217	6.19452376755094	10.16739928953	8.48951405374439	3.70774319995761	2.54632214968155	6.86913163879696	6.56047471243322	7.16574109037746	3.77352629041078	5.59769067154583	7.20982652074946	6.91174036415401	8.16886947453944	8.78665609808723	9.18037350137799	4.0713826460082	4.24104880660562	5.63951963270797	4.98841075485041	4.89079507280543	5.49360022533978	5.35662034442032	6.34705806676957	5.02328874398029	10.1246356303896	5.84852102098453	6.71576033174747	5.80110092656617	6.40421337503586	6.13641905837111	7.79972877650579	10.1701903885333	8.23332323885255	6.16843633607626	6.44233452411215	3.29121152896026	7.66836401619521	6.05648742333316	5.22567706207801	5.50891251919288	18.8729	20.1792	20.5883	27.0645
LCS_510	-1933.48920743981	413.682760319663	-1519.80644712015	0.927959237567297	5.56971704290982	6.23240561765487	5.9250069849826	10.5704128247234	5.53779296181529	6.29449119654024	6.2400762568732	5.69504122404667	3.5981837441098	5.43715015414455	5.15034627015648	8.00147054817526	6.36918749417757	7.22371994912713	4.71340431339597	8.03621223505858	5.40318767298955	6.46874432705439	5.89204790474008	7.87996616692052	5.01959261104788	4.049355187304	2.52712759340165	6.57356888415632	5.65536304092851	7.36440823793904	3.97479171033144	4.05399931097713	7.17136440399103	5.55100841832247	7.86541139140083	7.62413962355482	9.09550876976891	3.88875169778296	6.16921853629558	6.054895589227	6.57254867837626	5.35204036134479	5.85320236379486	5.79971042056085	6.42617994784253	5.8878677327329	8.22536014085944	6.13351459975224	6.78956604299951	5.89473611988143	7.73994270762501	6.18801717603926	7.54629726112595	6.04781218807027	8.10487372715233	4.67030706557923	6.96082816922019	3.77527266295028	4.67759607014877	5.91003140477759	5.57703410484415	4.91798408932082	17.5062	19.003	19.9696	27.7959
LCS_511	-747.168870623609	2837.62519011353	2090.45631948992	0.612290490488028	5.48227522660904	5.3745580323849	7.53014999818505	8.72067136513142	5.32284011585759	6.09728765152399	6.56829619695403	6.60059902374332	3.3366358261105	6.46552252055431	4.03904643713986	8.88138813526482	6.23852857582958	7.91717655199828	4.56620257815152	8.26571549619555	5.69301021849153	7.2521103201414	6.82321868503575	5.96322851445422	5.53267065285439	3.82548265189677	2.49045781975745	5.76516474863316	5.14214833962879	7.60406490511797	3.70021676348466	4.52565047833267	6.34441017776172	4.89047286680472	7.37288199724801	6.78797970883001	9.7494289511793	3.8309256632025	4.29581166173962	5.83171682566556	6.5098227061267	4.99363995975599	5.62664692975101	7.11356038436869	6.47883776198015	5.60011825731072	8.78437978081248	6.67044192233498	6.08112462006738	6.25641913314806	6.56286753771527	5.44820071511846	7.14382785131694	6.11066241741733	9.3228972627363	4.33141998915644	6.97093726909986	3.34533585678845	6.76105866373675	5.70934412808047	5.29102837576109	5.51041962419612	16.0681	19.5034	18.4929	22.5437
LCS_512	-1438.32455062577	1483.71956840484	45.3950177790673	0.818701290036842	5.84153320297207	5.70013836898891	6.89922222920042	10.5616472032512	5.65456165663426	5.73543813064882	6.48571187669084	6.19223948904567	3.65939203408553	5.94236265805349	4.57571201562878	8.01923353396225	6.68679328356363	7.57045969004586	4.87712718535904	8.01175204583403	5.61487629375531	8.28663028872973	5.984563200399	10.4394513567708	6.21946788597211	3.96829253385814	2.62890469671084	7.16048862855602	6.1554789206748	7.16706356165006	4.09635504549591	6.15905056461345	6.14058222429945	6.31035017168777	7.82080086305454	8.08147960666898	9.34830582744482	4.24770307151915	3.9207203025571	6.36768331126772	6.54417458717437	5.66550449568885	6.08218575855825	6.20747182157128	6.28586162887416	5.55265256099397	9.62138872894417	6.36510149047174	6.92539209428801	5.76764154038638	6.37139438540883	6.16314183226824	7.38044540431327	8.6730756805733	7.65985154431456	5.44473853244875	7.05939260855791	3.53549827308394	6.4483132941794	6.0957894301032	5.84913409858554	5.01231924004435	19.3957	20.8714	20.6388	29.1437
LCS_513	-1114.92092951233	1515.53941761458	400.618488102249	0.787660787287152	5.92229357139077	5.57865548666299	5.8941713404393	10.2528061035223	5.75317577077676	5.18129420381416	6.2004631185035	5.48601899432185	3.54273051967253	5.88279151668107	4.31479334667784	6.84158417508881	6.47028333967735	6.67905918603854	4.85363023307216	7.23872436900362	5.46800648178069	7.1757228223752	5.79179988440273	5.39874815084436	5.40608167249722	4.0004664026333	2.58467619867133	5.19962594354922	5.09330273235036	6.69553974132798	3.9988529816195	4.09781661266287	6.45164363611924	4.57266568303506	7.81068719304646	7.88727543051518	8.24160764667996	4.26288323092558	3.90533585450776	6.29779928246724	6.75555966504555	5.67988629341183	6.03579359136535	7.31146770915127	6.63295005115181	5.50041426513479	7.96952958222623	7.05876170584756	5.46306061492022	5.65810975357949	6.36398271678017	5.33733255611624	7.24992126955669	8.27132376860866	8.05016889204952	5.15842047151985	6.91326436618774	3.73581082609054	5.05302089277567	6.08933497058586	5.76065007807065	5.05691136937348	18.8425	20.0198	20.8912	26.5301
LCS_514	-1843.02128116645	-95.5286535184085	-1938.54993468486	0.949099890773949	5.74587095278338	5.54924784291411	5.81772834287929	11.1441014886763	5.3369906540951	5.41880655421464	6.98734050746076	5.97603182097376	3.61141112934729	5.24316337104292	4.33093681671989	6.27459437981488	6.2524785432989	7.39157986561426	4.89418524097941	8.05490103157902	5.45643860594557	8.25924738042197	5.70724411825839	9.631992099481	6.34004764114439	3.99825535348214	2.57373621171288	5.93142513538872	6.06289286103949	7.08704365574582	3.88973221315945	4.40668326010159	7.08064922998177	6.16700144843679	7.38096241873427	7.55663896984472	9.39537336183483	3.83043571567826	3.84961570841143	6.1087138502948	6.24227780845097	5.29589500333926	5.93068723994493	6.77682905763202	6.65945172136103	5.27692375856155	8.02766773281268	7.1679363472304	7.82616006766687	5.19394878801499	6.17746645738692	7.15608991195944	7.00336432452566	8.5127046987144	8.33552627834522	6.05081592848083	6.80047297572594	3.51014918370261	4.76875197797343	5.89694103683219	7.7928532926754	4.70551351339072	15.9629	18.9778	16.7259	30.7553
LCS_515	-337.529136913069	1886.7433412681	1549.21420435503	0.673107311739951	5.49132063709443	5.379477659835	5.80808802713647	10.7075080098646	5.40117779286017	6.05201133553815	6.32522807429803	5.89724227247434	3.40342865608913	5.88863291378506	4.53908792262953	7.34785758606225	6.24892525168756	7.28299580295758	4.69989787081388	8.09300865985379	5.55796539385471	7.1506394393554	5.63101352547743	9.75748602968352	4.96057263444558	3.84024638821595	2.53690735434409	5.53666007085025	5.14668364289111	7.38986286867132	3.82994828147355	4.34647457933615	6.95334468734715	5.02836381909091	7.11744431911943	7.20173277573887	8.88946066019748	3.85816859750897	3.67287251447932	6.00731534711307	6.64072258865752	5.4039504549503	5.76199005807624	6.49931047029768	6.45354399212588	5.05942387434149	8.59340853609129	6.28263255225284	6.86807977050398	6.04198695797279	6.36214289992135	6.35036262277361	7.14926530259392	7.18940538718077	8.42857465189675	4.7089659050507	6.65686262207524	3.48143290589504	4.79656437526467	5.66730573419552	5.51506804923736	4.89766590759719	16.3243	18.34	18.8926	30.2337
LCS_516	-1496.26422088716	391.706039614699	-1104.55818127246	0.903533688588042	5.55280861549336	5.62812856527127	5.64443768106593	11.3813574803985	5.30775940947705	6.33449175159416	6.22179993491246	6.35823819586521	3.66012301300295	5.92018049928199	8.15930854711688	6.22553780360646	6.03593478594129	7.31543648197383	4.76271964621629	7.56469595676616	6.63202070000528	7.29702222137268	5.46911380600036	10.3488192104275	5.2462659080844	3.89306207319088	2.49246498643566	7.60616110526239	6.06405303995759	7.17970435636912	3.77712848013269	3.82166141043316	7.03991871317869	6.12495119779696	7.50564304237465	7.88839839065499	9.30243630599458	3.804920622368	3.75393880521427	5.91413453805241	6.64036031974502	5.48184286038007	5.72637983502425	5.74211415891016	6.41829189449374	5.58647139454962	8.57657221047627	5.98983416881794	7.78572284962417	5.506620202864	6.669690438827	7.05566275050802	7.17328033009617	4.79475229041954	7.96218524137731	4.62021551077368	6.73856172672883	3.53806525922546	4.63140062419095	5.78920606054227	5.54115864984259	5.11672659875141	17.9318	19.645	18.9395	29.5489
LCS_517	-814.740814285405	1942.36460270668	1127.62378842127	0.717556039365337	5.7249655750023	5.33847913300669	5.82291917403213	9.88694378287505	5.27674517315534	6.7018690159491	6.13540359424988	6.05762940659427	3.51177143676199	5.24114128808986	5.11184764125209	6.18679186141746	6.10804372364711	7.56477776935804	4.60026165269628	6.99773011040446	5.59941435950991	7.60659277984669	5.4878636921382	11.971518712137	5.03166700180672	3.92078643287771	2.44652888424127	6.25105348161773	6.11340068151266	7.70020462879653	3.84222337356945	4.01443661365434	6.84823213704455	6.23709824520567	7.69646259572728	7.32370719779574	8.99123279031893	3.71740963281465	3.70758313677504	6.19404679036586	7.32560232741346	5.21162787527373	5.77639698790971	6.2085178318125	6.651240614777	5.18345379860273	9.64494038504732	7.24570983881764	7.61005167734703	5.25358932662877	6.20604640698514	6.77045859537561	6.91529845695051	5.76431154124647	8.60629426982605	4.60887579353602	6.62068485805407	3.37564859060352	4.61614950272794	5.73039878983313	5.49170162118629	4.20730005186955	17.2926	20.1215	20.1864	29.4095
LCS_518	-170.056475920447	2055.63108749102	1885.57461157057	0.635787728125185	5.57949569683083	5.50692681769362	6.842791102184	9.94297632476031	5.49770304819756	5.49644733367833	6.12999845609743	5.89202663593658	3.41332930274374	5.88287693671107	5.29225623305181	7.94210375673624	6.25058131846645	7.39334606462788	4.97399406360946	7.87666262578856	6.67904887917868	7.79430788969737	5.77298720422159	7.8919520630823	7.37141030737048	3.8074449296757	2.51207138805674	6.82030820989634	5.75306721810086	7.21764649532199	3.79504282074511	4.14411088802887	7.53881018091579	5.87662959777433	7.76958447891895	7.6450758014905	8.99433905742671	4.57439098721047	4.59474413583227	5.84980721503698	5.93401135325568	5.06176077953198	5.56577359927199	7.16621203706915	6.22346726681748	5.1157793937983	9.00107871413076	6.22865086889218	6.97682448705823	5.48116448960579	6.72207355941732	6.47566180614997	7.25427741657497	6.93493951201883	8.43614172619602	4.41016505140826	6.92208902433913	3.39158994271543	5.52277493404323	5.78067544306795	5.45420324045081	5.25173236342564	16.6388	19.2401	20.6117	27.9891
LCS_519	-448.069378761734	1557.41726553608	1109.34788677435	0.719421950979402	5.44367603107637	5.35338431835186	6.70708167515101	9.48925207504507	5.08387878010693	4.81895315265794	6.53096664647247	6.21585954548793	3.32669956785328	6.59603260786366	6.06177152499056	8.33357933610884	6.34309626747845	7.44092808946082	4.51152890655807	7.70409159201908	7.20804479116379	7.96149387172171	5.91811032125169	12.1840406420913	6.28402493147849	3.82390201027937	2.51423273098274	7.2860320514292	5.3797477663592	7.5409855762554	3.69935430241393	4.66842752876416	6.89982310141166	5.13458490367303	7.6210045264097	8.01074482631737	9.7328747418756	4.35015709848341	3.95663328231808	5.70890052900884	7.1132422749759	4.95209277282836	5.51061737304228	5.45649246243073	6.51521452324662	5.5709306314707	8.63433840541851	6.54928973159489	6.91236177551252	5.32713439468416	6.53043515687943	6.31591666650284	7.05117233159889	6.62669237333286	8.32471481587466	4.37648474708024	7.06499767144484	3.29317547836208	7.00875065071008	5.61512278672672	5.31977447905252	4.86197143165851	11.2883	13.6609	14.5722	22.4454
LCS_520	-1536.51292492728	1996.73102208341	460.218097156136	0.782240663567048	5.67045501537048	5.65651643008369	6.57998521371988	11.4167650164077	5.60781341626763	6.0250087954118	6.55960264080486	6.26735662874153	3.3623100679993	6.88438793881164	5.32300296714645	6.99004637894928	6.42432999815696	7.570273101203	4.74520699559848	8.38351550524979	6.06999648941343	7.64692997405998	5.5878822134572	11.0581125489815	5.81220501186057	4.09146364036175	2.52405978008124	6.54642046893028	4.89358021956137	7.41133740804387	3.77367515519649	3.95672433488218	6.45964445234617	4.07031490420031	7.48247689084528	7.97269055030954	9.47407705084357	3.73325163866167	3.77496975440987	6.11373431135808	7.06858174486279	5.2192910700713	5.78356834834319	6.34573354305763	6.81279405996049	6.29993368904401	8.57563631085537	6.13918670620528	7.1160298839342	6.18871750492285	7.41156122281278	6.52926703036417	6.99007942353778	5.47690423151508	7.58360386863937	4.55089222190544	6.49816577854784	3.38864353866489	4.79841507738331	5.89113244312418	5.57428045912333	4.98961046796553	16.1799	16.4667	13.1864	27.3127
LCS_524	-129.243492455974	1304.92145980273	1175.67796734676	0.712625254396935	5.60744315306492	5.3508715000295	5.67347164806925	10.6967910101522	5.38421693611958	6.61565276844444	6.24346347118933	6.18503486193253	3.44998292387219	6.47386261978899	5.12188274816158	7.24415178873251	6.16305077628655	6.84971692862593	4.74652802395484	7.68012491755649	5.72722398585735	7.65284254286142	5.60536066550335	10.8221465205174	5.13056766569657	3.94783025265522	2.49130593502753	5.82476184781508	5.24866145139813	6.84521389272389	3.66559693068756	6.51231696142914	6.54309500454253	5.14098041429872	7.74984479388837	7.96220595455986	8.99119131889376	3.73521043160707	3.65962948355358	5.96483675136322	6.64086487389508	5.05546149060944	5.73738497537918	6.79060244227647	6.68851166587764	5.95095635918789	8.36844059419182	6.19819047861026	6.81943549318549	6.09018039142378	7.04703066147256	5.80345494119657	7.5947085704817	7.08223105842322	8.10637517501753	4.51362659239058	7.42386472198746	3.2536173744625	4.68075194766225	5.73512588491528	5.60360552429199	5.14628688967989	17.4959	19.5972	19.7403	30.0534
LCS_525	-986.465069122892	1103.26123194575	116.796162822854	0.812638118520169	5.96157069777829	5.74755440758585	5.97866133556823	10.5506571188912	5.50674354070632	5.6938317114405	6.97573913079611	5.86416753779373	3.65694362469887	6.64997920786375	5.24755921546161	6.91179797534578	6.2482036141013	8.04398196704705	5.01706032557924	7.6986301106418	5.50624361954682	7.77462256005558	5.89525298542805	6.6992240102553	5.4214387174807	4.1327382652515	2.62757652183819	6.12083744731762	6.09161601700147	6.90851550405729	4.02391338457593	4.18956756392922	7.01754059133895	6.30535481004915	7.83393740775146	7.95627900154662	9.21460606067744	3.93456318365249	4.11321619602326	6.19645732889984	7.22718999624954	5.79321681818352	6.02048195645203	7.30991217599566	6.54813640563049	5.60196310573191	9.4906213756248	6.22559102926412	7.57951113945572	5.54383673393607	6.22690099318666	7.02635207590164	7.15308506024441	7.23950568220297	8.64648958180498	5.26638469850926	7.07572475378206	3.54510687955675	4.94570980370883	6.0346057931972	6.02079657254979	5.11378189646249	16.3558	18.0728	13.1864	29.2063
LCS_527	-172.869873190638	2568.46854896596	2395.59867577532	0.576274704048085	5.52031466957103	5.69697306958417	6.19920378646074	11.0364385094568	5.26407425965771	5.53991151980058	6.50050524806128	6.31870569582504	3.50218887285688	6.11272758949854	6.3151023237541	7.57068340960295	6.25683574034148	7.49940468721127	4.73158387580496	8.35301897207	5.61279253336193	7.6310797343588	5.61536299311618	10.8814885541658	5.10534360165749	3.97146283660225	2.59168375451334	6.30402071920276	5.61391068253979	7.3212663026387	3.76424823693432	4.25276952854621	7.04665305769449	5.7376535283305	7.52932870800881	8.24904218278046	9.34693426538083	3.76600728317925	3.82772360089819	5.84559001881671	7.1382470443396	5.10330761760472	5.62940501164686	5.82766965178578	6.80450365928529	5.37284911852814	8.40203059155617	6.41338691799873	7.41446542083441	5.23652070018252	6.73246115171487	6.81619010298216	7.24653896639008	5.37981421186293	8.47065197207894	4.46750296308667	6.57395250442609	3.25644009760925	4.84240668425403	5.89589102678038	5.47315970178083	5.13760506323713	17.7033	18.4807	18.3252	29.7631
LCS_528	-253.908643110841	4462.34285362128	4208.43421051044	0.34107459294862	5.82492368489241	5.63965596532676	7.49972366207734	4.527265993238	5.43574842569671	5.08774521785956	6.49697962382232	5.6930134954802	3.5627437686944	5.69150707529933	4.01065978251706	10.6966441243027	6.5236078749117	7.10681823679323	4.81183499171951	7.17330122287052	5.8026862274155	6.67289272999225	7.11962655780455	10.0948244578248	6.33736297275385	4.15520006301559	2.73008876125775	5.85803683683455	5.33904445112716	7.29489257995689	4.20874617004112	4.03459428636696	6.71826360455118	4.30617705290618	7.1600917053912	6.95474886490212	8.51094280813051	4.4284787150705	5.23020839539371	6.18055227204681	5.14395229334651	5.29484478501034	5.9469359018643	5.38633295535373	6.66751483691546	5.31119409326123	8.55935841253955	6.61943442181445	6.06396070067997	5.57704820328566	6.11994209469409	5.38444361917947	6.69313340231006	5.07216897448003	7.73389677447342	4.72082900489317	6.89804575010859	3.52950257479513	8.42936262594972	6.54191483540506	5.81837596503081	4.7571631383993	11.2883	13.6609	13.1864	19.4594
LCS_529	-1683.00775373879	386.884725608618	-1296.12302813017	0.915224593848394	5.58406092212299	5.94344609223555	6.04517241647594	10.6179134216413	5.51729816864774	4.86505424646404	6.1045972275465	6.05017861886202	3.55801822818193	5.33001176879454	5.65891838455534	6.45711748177587	6.18230185260811	6.9389676423549	4.60513052188042	7.48927414826695	5.51430150752718	7.43216565027059	5.48351603576241	10.5532755939773	5.16803604917988	3.8160201119117	2.53717490487574	6.54818070191578	5.0405268998387	7.47175123765591	3.83564739201993	4.07989757306986	6.62156763306297	4.54204805228998	7.80120746708904	7.72223054207569	9.06757587411167	3.66465575264103	3.68622831685628	6.06372577597128	6.35641985896199	5.2188911686977	5.68702830477717	6.31697448274899	6.63214092514652	5.36451845588654	8.54843489780382	6.11604585146087	7.27478164206258	4.6928791173716	7.35018581707796	6.76942629730413	6.91130890257823	6.16534777161599	7.93894903726623	4.66695956780723	6.78193086912634	3.39708216591694	4.6223037501167	5.58671297377012	5.52558254865736	4.81199528165631	17.9318	19.8754	19.2818	26.4538
LCS_530	-1722.81588282704	881.415951816198	-841.399931010843	0.886310772109038	5.31664224386627	5.58636532234518	7.02413238287791	8.44472287214128	5.67123312484569	5.59919046929889	6.17432998483151	6.35950141920608	3.41392987366405	6.21301152806528	4.14094833479647	7.42865593490667	5.94898353359512	7.39964313654082	4.46623762950969	8.89694942085979	5.54435467381282	8.12199731272339	5.63431912715893	11.6395895165088	6.17926738685371	3.7845603422495	2.51910405276204	5.71383275363854	5.82167607261361	7.51491363422003	3.63099536964634	4.13097773196871	7.48212305735418	5.91832791250962	7.42275322726438	8.7736798583893	9.53305077960396	4.19580699975632	3.79735491998793	5.63120870609353	7.20964667086057	4.90391654762882	5.62643470159291	6.29310333045012	6.62143363397278	6.2042551568054	8.51529107544301	5.83702513865544	7.121855767575	6.22548025422065	8.28268755941192	6.66049724466482	7.37492015056488	6.12348314119723	8.26707031125425	4.36193767043734	6.55862878933654	3.26455361984551	6.621176964291	5.55733883896038	5.46180186029057	5.30363752129862	12.7419	13.6609	13.1864	26.6274
LCS_536	968.628452432619	3163.35025632939	4131.97870876201	0.351602712982951	5.32675759288427	5.11177416093223	6.49257826040352	10.1567868830649	5.02663768453945	4.59121381459066	6.24730785003623	7.34336670404297	3.22210691293991	6.23425061650478	4.6989981381182	8.91668706834603	6.21101040210451	8.07855685971162	6.04960558244237	7.13870923711476	5.85654152760777	6.42289111692382	5.92446504254647	10.0566542113134	5.86862110708092	3.79711395422382	2.45475765892002	6.29305797414772	5.17626538621041	7.63086645946211	3.65565170261987	4.0615813771622	6.93900779345297	4.78903645198059	8.43389214957394	8.2502647353195	9.21284268601507	3.8041909038316	3.64566730135503	5.52240444923699	5.3970983248972	4.79965303270061	5.41476424405346	5.43859501464667	6.05426614805256	5.05464150380056	8.83657333783298	5.681147076735	6.55305478361044	7.12541237527076	5.88828211861474	5.50763689486794	7.28560535939978	8.05189246505534	8.80748608535543	4.48595001789787	6.60115606468603	3.28376965761985	5.82250540412042	5.63276691833254	5.25091741810763	5.14748642076883	16.7377	19.2479	20.6686	27.6243
LCS_537	-374.365567996126	3921.32548775548	3546.95991975935	0.430599181892479	5.51817308293144	5.36883283028259	6.12754479697329	10.240856983392	5.29594357489537	6.29015082065156	6.06909523979877	5.69287383638671	3.50931064509738	5.48056438771095	4.69289952163893	7.78995583834571	6.22848883957484	7.13078316248519	4.60518316884134	7.3241002212088	5.57373367890102	7.87178834285912	5.78944679254896	10.9887344384211	5.20080307686001	3.88399691397879	2.49357697311428	7.16893059772082	6.20448549621418	7.30002536156995	3.82509401986608	4.13464667967579	6.72496471171137	6.22634559157264	7.34832349767355	7.30139179702647	8.85864126348222	4.11736285098502	5.03095701461729	5.94703090675581	7.05198536703427	5.15192663371072	5.78106104271996	6.32132307396508	6.30439262977931	5.12387335391382	8.27582961256958	6.26616097784803	8.72598928831674	6.06186309785998	6.26777469845033	8.00135229695197	6.71091706794684	5.82803658068171	8.61032491304953	4.77115368704058	6.64531442647656	3.31720206905367	4.95579521047713	5.88525112199998	5.5241995408755	5.35646185032881	17.9643	17.021	13.1864	27.6172
LCS_539	-1246.96105932859	571.711710387345	-675.249348941243	0.874753991438372	5.70432497201017	5.43025247175309	5.73427398322944	10.8851130410389	5.50887406113108	4.8938444284809	6.22714366027461	5.79659642285316	3.51736621374539	6.03057883542386	7.2458233855221	6.91609729496815	6.09446461087652	6.73580341923015	4.7850926795886	8.18067401530874	5.39911948805628	7.07106049428409	5.64162082841415	12.1839099441977	5.32044708281694	3.95785724055566	2.60039030936775	7.1704073532324	6.45786154273018	7.35269305535117	3.81465521336959	8.21989309730604	6.822902272256	6.60085461487724	7.53052942897026	8.03399719048975	8.84101519328242	3.82490931925207	3.9127166721725	6.08364157297855	7.39031138145618	5.25233408455169	5.80904029026282	6.54950551415941	6.61795959563587	5.29629937247921	7.89450514157067	6.18669520774462	7.18538134264764	5.96650634470772	6.84714011014983	6.46479137991418	7.0981500848267	5.50763173141059	8.40167968076648	4.95433544054624	6.72071725240077	3.47650758634478	4.68231551097791	5.83240953645683	5.6261841713581	4.89204068510334	18.6404	20.2949	19.649	29.1751
LCS_540	-1859.11538149709	558.007462080499	-1301.10791941659	0.915519192758418	5.64354651261599	5.31159354703332	5.70501970704102	10.2073585506017	5.52664260238284	4.95848832094628	5.9298675517563	6.15632377172955	3.51122040764377	6.05841296934463	4.18462335447722	6.11341426938635	6.28106288101003	7.32452806842124	4.65919426244073	7.80032056632059	5.48574879952654	6.30536757197349	5.35744268440778	11.6711327556435	5.45109550948848	3.9684045300455	2.51671197940833	5.71827362826468	5.01686847777606	7.51335439268685	3.8766909811678	6.19188250546939	7.09368618108361	4.77406142658234	8.30976062164382	8.59783938534684	8.60536110724871	3.78261990075349	3.74512683151614	5.90915973678005	6.35077631832415	5.14153471959948	5.81652522202844	6.41924201088098	6.66914937907952	5.98800548890829	7.73278037363678	6.15275268414165	6.39688877005165	5.94980458567911	8.37325052553114	5.66005553875007	7.3720814307884	7.30527734508363	8.22643670058718	4.48945487602625	6.72521557248298	3.39675557600695	4.78833734702578	5.79449318628579	5.58818295612452	4.81484675792208	18.3073	20.3087	21.056	28.5545
LCS_541	-684.751933731234	1991.14725788875	1306.39532415752	0.699033802923045	5.37322072506261	5.25440536133849	5.93953624085505	8.96593296939081	5.22773229883551	5.80078348987272	6.00830114752486	6.16243309707687	3.22597860470581	6.3242256346369	4.786758651718	7.58701356993506	6.26538633681943	7.06288475837848	4.44704939377357	8.14196116351082	5.28667889370802	6.29570079176265	5.72481190717897	11.3026930651261	4.96821831875239	3.76030894774532	2.4837710079913	6.05453879528017	5.46976259905578	7.71630959374169	3.60646405541133	4.26829564016595	6.97875019477072	5.20322379104422	7.21653108665639	7.49183462225767	9.058018107509	4.11170495718732	6.19064608330345	5.75057958142427	7.53901972786085	4.89806654076391	5.60911143771431	7.10775706562558	6.37956861127386	5.35378741106008	8.62093563824722	5.93850013825873	6.45692313364665	5.89478186480839	7.30726898783483	6.17379242456629	7.13714642499731	6.15466064820949	8.02947303043148	4.29756563068683	7.05507773221189	3.2003943841077	5.60655053015474	5.57735998725103	5.36406862428376	4.78137784612398	16.5221	17.3944	13.1864	26.7895
LCS_542	-2140.00594716023	172.764791253783	-1967.24115590644	0.950418000052259	5.67578655384164	5.20895472418649	5.8985111842483	10.4313970391481	5.49656718753592	6.91865966192409	5.95456768389905	6.48955293789919	3.38998177240344	6.48729560225497	6.38613656194744	6.83000564917331	6.05762226508216	7.31091426278728	4.52705353063644	7.90588249800444	5.20965955659357	7.34350614055036	5.74302698049786	4.68780783093117	5.18853326192486	3.92179538500981	2.49069664456116	8.28850069634136	5.65221650758739	7.58031201644123	3.72271064253095	4.11511248391366	6.98633653439044	5.71177574801347	7.71933827305059	7.18482257302108	9.68778178205127	3.70762894148831	6.25476080047118	6.02462675572312	8.4417594017114	4.93770587854789	5.69231735412392	6.85304384184654	6.56451157496218	5.31145870195723	9.19365460560803	5.96579286151159	8.42407347043576	5.3415711190827	6.82839559969431	7.66241187069214	6.92787072709321	4.85820920947961	7.4192143518253	4.45631315715558	6.74109806906709	3.38049224039449	4.64372946571554	5.65971273960851	5.57733222538968	4.47202369939099	15.7139	18.3562	20.747	25.5773
LCS_543	-442.943505956796	1786.48705234122	1343.54354638442	0.695124102726048	5.77268262603408	5.74878036406696	5.965242832972	10.9681222852711	5.51538309282613	6.14783917890449	6.53827139781536	5.69135187257053	3.4785946274715	5.7321758458985	6.12936010302178	7.57517503280765	6.24712512134333	7.10568055056679	5.18305103320903	8.05777208703231	5.49291371209352	7.57095919362547	5.79388908212166	7.47998121181172	5.24946812853676	3.9905202021932	2.52058637315105	8.03448043340794	6.12218220114506	7.15387269431114	3.96255971855647	5.56812988674979	6.90339774160223	6.35808768785008	7.80308987010601	6.99927490673706	8.87639404595062	3.95469856412187	7.37895619475485	6.03150075290343	6.76627273369677	5.56128484489772	5.74332052871465	6.41575583846781	6.62032405608137	5.23679626767147	8.63760729660493	6.37588732391124	7.53785934771359	5.57503959928951	6.18531337532583	7.28427240170542	7.06525289708849	5.39484515544166	8.46457589477629	4.81003845584041	6.91744209054499	3.4616098108973	4.89722447060553	6.12423977677891	5.8493598923375	4.97000866968459	20.0337	20.9475	20.6416	29.2533
LCS_544	-1768.41777608032	665.595646369296	-1102.82212971103	0.903424459292441	5.55029307036528	5.35437614617274	5.96269735328278	10.8407176724703	5.21404854956324	6.66426833474202	6.25165866314515	6.2434811672478	3.43702169414905	6.1465492441158	6.82595777282633	6.68801941932431	6.00747883035919	7.33875096856226	4.56358798023476	8.18156782641935	5.37310180278772	8.47673405369189	5.84636506538198	11.9254635086939	4.91848170121643	3.88414644154054	2.51621186382625	6.66627702174109	6.95353387267063	7.72715670274697	3.83719125502179	4.06387587128631	7.42921840590417	7.39706945892657	7.51323785079271	7.74328418528613	8.81873578955448	3.92601014168281	3.81766124393314	5.78607790449616	7.35225969243162	5.03987875838813	5.64672117878501	6.41293011000375	6.66315804331169	5.63366006332309	7.68997661689737	6.10881722545514	6.90105414136408	6.04220710780385	6.811019388572	6.35730268120623	7.49761440234574	6.39380322083574	8.43760950533687	4.67046344914374	6.38112932335445	3.42772671309165	4.51362722389886	5.61863650746057	5.43593473861534	4.58119081583751	19.2292	21.3135	21.3261	29.2427
LCS_545	-894.493605390053	1580.18230191996	685.68869652991	0.761197725217868	5.49311644256453	5.46262365955135	5.75486259555501	11.0911486914824	5.37768986800079	7.32326926035827	6.22062154262376	6.00829577569032	3.50516220414844	5.34208378987388	5.6458005928295	7.22171987345953	6.07965289101731	7.55038225637164	4.63166426854096	7.90576655582235	5.28018182456375	7.23346351598771	5.64463110511446	5.8121943268299	5.04507065248133	3.89935539334748	2.50947448539098	7.21935967358098	6.36644151312412	7.37491608046358	3.6711167918513	4.06669813717533	6.3196086157247	6.48438853553202	7.17422441065869	7.48236016247626	8.78480609606444	4.06788732742774	3.69873437046423	5.78792415879584	6.76853175836421	5.05392008001897	5.59942653998712	6.95538853481962	6.55798504712578	5.14951699723728	7.99381993949657	6.12583514151364	7.16157691703826	5.61234642120009	6.95832378728414	6.60192862499373	7.46124894138583	5.5300816298919	7.89196382024787	4.5596081343004	6.60877716088852	3.35461775064503	4.74469599153891	5.68878393813824	5.46345281885314	5.20633044397906	16.1534	19.0768	18.9605	29.395
LCS_546	-256.696376528105	834.987144963546	578.290768435441	0.771326480861476	5.47448172300605	5.27032237480814	5.90846264097005	9.18638666657753	5.30952466223684	4.95377116234347	6.48290173919913	6.63409896879912	3.47787564290945	5.754840629561	4.64656487077328	7.17118549307678	6.34709065648334	7.42456667867702	5.6891672196347	7.05545212484031	5.60691024506344	7.25346350340279	5.61706324595669	5.25779622875798	5.01982245362116	3.92286899957346	2.4826916630735	5.99105356565946	5.50002706594407	7.34366957064858	3.84820503456641	4.55057505461119	7.00160693994153	5.20969660453692	6.70653426574538	7.94298215301902	8.6995125008994	3.77847038312592	4.06417743445811	5.93133765542337	5.99740739013686	5.40698000335249	5.88157012355429	7.36663016813448	6.61691131667682	5.1182047852316	7.93927253166033	6.1828463613011	6.38480302461156	6.07486171149052	6.62726342926756	5.49972180448268	7.42428683067103	6.98786803686462	8.87157854335822	4.54402229083761	6.96422775358273	3.4770464944886	4.80082159993003	5.7616589541189	5.56170654364708	4.92317147069288	14.7276	18.1535	19.3503	26.433
LCS_547	-658.284389976838	1388.69922242498	730.414832448137	0.756923637762204	5.37533398535901	5.30057308309755	5.70971126125315	10.564308319	5.38979930245229	6.17090516293168	6.46478977640144	5.85561384810221	3.38001993472863	5.91770607176162	4.48638435180003	7.2498444071711	6.14917309079439	7.9646744584458	4.45584252914143	8.85026873053837	5.44236962588243	7.37008052869787	5.57458054086696	11.7638930693497	4.95572597407355	3.79558700651923	2.5197180098438	5.34175947161292	5.6167663328145	7.33739879218906	3.82295429388697	4.09925543903378	7.0972021928318	5.49484812466129	7.69929629710995	8.24338366301293	8.98015040154093	3.75322002697507	3.73458309356225	5.70451882617167	7.12957159294289	5.29887564446803	5.61852623207198	6.16182004824546	6.63461532700438	4.93914208117491	8.19299393436704	6.09523983723081	6.50348127029842	5.88895195102615	6.89416475011333	5.76071716437148	7.23615075039285	5.73935866688975	8.51109491720595	4.54232832491223	6.56717641469659	3.40523878011405	4.71200132270224	5.54770712596771	5.41617532868568	4.92328451035585	17.9318	19.9154	20.1241	27.5667
LCS_548	279.772042887333	3052.18030474733	3331.95234763466	0.458864839837542	5.51227661081962	5.30507073789166	5.8350597491631	9.65575272344392	5.32553024935344	5.48788809398796	6.1340948851297	5.42510785677278	3.30422136839414	5.69982355462127	5.13754778929581	8.52160151057086	6.32080817846739	6.96193030953945	4.72862367140536	8.04485834707303	5.67662081085199	7.84989305164344	5.98452492765629	11.5420025770838	5.14166105146235	3.83107781719211	2.45071364742743	6.28881466983732	6.56295061703089	7.47386152152194	3.61074768098717	4.02938420227898	6.70999571278107	6.88004719357675	7.71279631030935	6.90176211652192	8.7230510322995	4.97999589848515	3.89393208119951	6.0230952961028	6.84415412783676	5.03606432153547	5.75258566921579	6.55863758930438	6.57859874161121	5.17193382693956	7.85483604876303	6.7646352849171	6.92733576678997	5.78442884248591	6.70867292691319	6.65120013541686	6.93071095467711	7.16509600579208	8.2591796489898	4.64942937582758	7.05228847183203	3.47588105572227	4.76680615834905	5.84235226505897	5.60286694011863	4.8264755921706	20.2744	22.2831	21.8896	29.8069
LCS_549	-679.27241256799	1344.65767212879	665.385259560799	0.763127131413909	5.82012859453585	5.49225739170996	5.74877404731453	10.5259566485839	5.74431307836395	5.69359731634494	6.29662553394389	5.45927302860392	3.45315964162728	6.5056171833819	6.17660404556678	7.23604070230617	6.39415308425933	7.50848199445623	4.73274755556504	9.44794297326566	5.69392835901729	5.94297679124761	5.69585688306516	12.267610310478	5.13824035024189	4.00941723690178	2.45755655036743	5.16117217091558	5.02015747357905	7.33275305477891	3.81860554833548	4.04230996791226	6.33418377831392	4.42182875732098	7.51213862810611	8.09924189163711	8.72523340092141	3.7502704394133	3.76781738362108	6.16137124578014	7.3094553511735	5.42743095199291	5.92021468672924	6.56006760871949	6.58886799223026	6.32898723806464	7.97017237590071	8.35838545865556	6.8960236098099	5.85643573490269	6.17250365853012	6.1285965113632	7.0389818959515	7.00694796948518	7.84042361377348	4.82480241012205	7.07180455576062	3.56529304293138	4.78017875610989	5.92787794600352	5.63779713681937	4.78842913851609	19.443	21.1684	21.0475	28.8176
LCS_550	-926.21720202217	1097.997848259	171.780646236826	0.807908126279973	5.71598225330383	5.41602535808993	6.36021636372446	10.9320020382271	5.69347696936312	4.97872742070406	6.39679305141415	5.98995019935233	3.69262913420508	5.78893691373283	6.68529122045693	8.35184520594227	6.28843345231613	7.41197849865256	6.4004878045876	8.2725255201273	5.42355749397123	7.16063592394518	6.19197720791263	10.7047766905166	5.33474874623059	3.9818435712964	2.81946264449988	6.53645284333906	6.76259578210134	7.44856669564214	3.9582125298266	4.235510954126	6.35640477864806	7.2301801455659	6.99965914793527	8.01824852037592	9.00173418947913	3.99149884056122	4.8462390266503	6.09769315512789	6.65658791057362	5.30025591604219	5.8465405615868	6.59148949917914	6.12701368968457	5.48217975454982	7.70947607458427	6.94381722545533	8.23341041987292	6.27690242069571	6.69576328875112	7.22523474938035	7.14874706223939	6.4071787446551	7.76841134084086	4.91885892171735	6.49727037487237	3.67372864258611	4.95939684416726	6.00591741393638	5.37106416337375	5.86490938934648	19.6389	21.8932	21.3229	28.5959
LCS_551	885.332179694325	4283.1833521003	5168.51553179462	0.205653074782108	5.27903129669428	5.19833895982889	6.19993263615372	10.4180726842436	5.08551320412359	6.26767111942814	6.09346358645976	6.02662599219062	3.39211281135737	6.20202672609103	5.73661961053166	8.12801876327547	6.12620471125688	7.65555976376473	4.3384337998326	8.30506796303587	5.52238097508088	8.8253055060831	6.05797048348384	10.7227873999298	5.13168734613297	3.66842460467645	2.50379960002343	6.26527439861927	5.92171776742746	7.41547524956647	3.64138617675455	3.88258754669053	6.93597567036136	6.2344534072661	6.80229412943728	7.73849856992833	9.15722215225582	3.74879678048916	3.59081189410056	5.49637708633291	6.5244198865256	4.85064890914815	5.46986035348314	6.04960669476288	6.3383708641481	4.97115909941329	7.99299041967226	6.08167874095904	7.14149255929128	5.54312955808711	6.36863213050557	6.41232977457859	7.49874213384981	7.4398875530019	8.27848630368121	4.41575056505417	6.41981305149979	3.49097188277513	5.04975070650611	5.45257621505803	5.18110615970635	5.40489738510614	18.3607	19.8909	19.3217	29.1236
LCS_552	448.518530435538	1988.03634297334	2436.55487340888	0.571351062178	5.49232871937544	5.61513955310799	5.82289877975809	10.3907077158523	5.25719167409494	6.54596379272301	6.51907950662114	6.3787362222088	3.41593491738908	5.77710176627407	4.96074455324768	7.24502851994357	6.12408394138127	7.60688149958758	4.73827920303286	8.33161554291613	5.79522302233565	7.68382536209384	5.53904901043305	10.7923317781209	5.07933569253753	3.72667951148593	2.53537346726402	5.46898932516912	5.48634182691685	7.2201450483287	3.74163614542159	4.02689650386133	6.94362429474914	5.4497751549325	7.41196964603059	8.04773406768981	9.25117092567744	3.74403001672268	3.91317894385129	5.82781001838528	6.60223298905072	5.34610967792437	5.62343776347145	6.14101454380763	6.46399739686907	5.18549068726356	8.89848655047381	6.35088527910961	6.47135713649801	5.70029740366757	6.82653077719651	5.97239521368613	7.24299871038086	6.23066884234542	8.21186180583946	4.53732809765851	6.72720448040906	3.49491769514099	5.24727094651919	5.70923135601014	5.40152512000897	4.70076650845507	18.8682	20.4887	20.3335	26.5394
LCS_553	-765.244071148196	1182.35506205567	417.110990907474	0.786166936955717	5.50127298416404	5.73020574191274	6.35370107582034	11.0344665986396	5.4201342431142	5.67345448113552	6.37085838720796	6.79257849276488	3.52607687036806	5.86546808949016	6.14816394197956	7.39501459983007	6.02512450945615	7.31032115277236	4.72116321005451	7.70831151889166	5.26945751446746	6.76208199802179	5.56536480365532	7.77680817763477	5.13267349832221	3.82765462349074	2.58812183067856	6.8144732068563	6.68596702630813	7.39397411188358	3.74538747654227	3.98155089796445	7.83468442382388	7.12392490486435	7.0694558982769	7.10334980365483	8.94112953810868	3.75837276970656	4.0470749328441	5.74750583875973	6.8296105394238	5.09691841440264	5.69203819119418	7.3973749434078	6.83264759784496	4.9740581857154	7.53384383798856	6.04843667406934	6.48372729252409	5.8561747176543	6.87288748438557	6.05355943422153	7.70549829347917	7.29528774349132	8.81270026348161	4.60973382427901	6.66681677354453	3.4802222295727	4.68911193134681	5.66865820997356	5.4536619401072	5.31883748139982	16.8675	18.8642	18.4604	28.5836
LCS_557	-731.070028069615	2540.34282216622	1809.2727940966	0.644392717031367	5.34332558691245	5.2806386285619	5.98132748232624	9.28942030279114	5.36392429461535	4.84178051300898	5.84632195594704	7.2160126000085	3.58337077126698	5.78431682718085	4.47468216314069	7.59219971888441	5.94773840292411	6.52649263233812	5.28026201786822	6.79803328026525	6.01505893972699	5.68475485421483	5.70295598283697	5.85060122762173	5.61856087057764	3.79091758217514	2.83830928391346	6.69028956429553	7.04666180171124	6.97489978698853	4.0468911767676	9.25795157619053	7.21565066752705	7.58465316862364	7.40069644799879	7.48512164663704	7.99697790387397	3.85610108459147	3.85333450628558	5.87162223833735	5.26524287930896	5.10899786430085	5.81487313641339	6.77243811751807	6.46783596623763	4.99695392003685	8.36164364742952	5.93665489560449	6.67358130217095	5.41645366411958	6.61126408449031	5.52381604539572	7.53646894659648	8.37975688588207	8.05912989706864	4.89036452717951	6.42622368823792	3.59972203094877	5.28523352911173	5.83783882992205	5.29037876042042	5.54341143345401	11.2883	13.6609	13.1864	20.6176
LCS_558	-735.535888804043	1261.00005828588	525.464169481838	0.776238406216948	5.6315360428012	5.6929653067018	6.35544075350676	11.2818620612603	5.43221130791474	6.1362404663246	6.57722297143914	6.63551442363454	3.55194722062305	6.42149846016877	8.38843014525517	8.03380616110732	5.98595584397759	7.64396461369418	4.59510733130055	8.56103034658621	5.55147400124326	8.02435293401797	5.92726144372471	11.8370548624901	6.67876492613412	3.91103915684049	2.51110283058614	6.93321100042677	5.54339955882093	7.42279664078843	3.77180635170845	3.98719238786321	7.19028839252721	5.69435296336413	7.47318414148806	8.49477615753687	9.43419934471864	3.71742683077428	3.72588304551579	5.78721867013574	6.22256259879066	5.48851128281326	5.61204292747065	5.3876219210503	6.38609881707949	5.83758684027604	9.12836499325067	6.05956555087022	8.11186875617776	4.91667988000783	6.32297747837528	7.31985741581331	7.36822557461308	5.6830401658442	8.48560243267172	4.36058294868539	6.69099399172114	3.38149607348883	4.74159558134868	5.67065415046972	5.47757045447756	5.64398309019903	16.3498	19.156	19.0895	29.947
LCS_559	-732.541401862142	2120.11861844145	1387.57721657931	0.690462975667497	5.44415271953668	5.43496841642822	5.79826553128677	10.7022267599484	5.43629974627542	5.84640534213756	6.34249221355352	6.38222906886201	3.45300291006232	5.76157952662861	4.14840256240665	7.70175032443504	6.13318639185705	7.46757868057211	4.53188952956919	8.18873092897378	5.47889959108647	8.11967507028381	5.72899141471896	10.9931022963946	5.01079245379551	3.764027855783	2.46415086310837	6.63654069746649	5.24622825708218	7.73390443981036	3.67112356647611	4.10296009949495	7.05323253083247	4.93060629010595	7.47467710908521	7.29149904258504	9.54712933007754	4.31267780469579	6.88746458526052	5.8072496568964	6.75572778324232	5.13485631928205	5.58741138716372	6.73984309991436	6.61053972875511	5.34653329855868	8.9167265408053	5.9728612887929	7.08623307382024	4.98428282497374	6.83293420550473	6.57229281267903	7.27947552951881	6.53417723103195	8.79527049961824	4.50743999155922	7.21018407037406	3.44064604882688	4.74956197123872	5.61696175723096	5.35752882201577	5.23184077801409	17.9805	19.7862	19.9727	27.289
LCS_560	1050.79795802234	2769.14090380943	3819.93886183177	0.394098179795824	5.56195095515577	5.40812426770162	5.81361629943644	10.7323128051803	5.39213917178034	6.19729237915629	6.25145528923292	5.78199960323439	3.5811414701927	5.88006943048905	4.27745796082782	7.66741229786922	6.18018617091057	6.93367476720827	4.81592186403699	7.60880759258405	5.79514763534198	7.57195919910996	5.74243554870011	7.02766481653345	5.23932175515519	3.88805486350266	2.5583494541033	7.25662803550565	5.90896055738306	7.30543469319386	3.77535885717521	4.20064925051555	6.70108056419827	6.07398130797623	7.64634458611619	6.90607955726745	8.75625022640711	4.26101930383051	3.97310306551331	5.99607892190743	6.33230338480131	5.12622805894987	5.72677169841008	5.96056727799395	6.5758429259046	5.0741407456003	8.51504221158568	6.35566038052727	7.33276729089627	5.67083802734844	6.41664689077048	7.18199310549109	6.87706233584043	5.3890292188352	8.22256590008792	4.47557125488872	6.77160228554777	3.47558164898805	4.73858580317833	5.93097932426996	5.49578039512824	5.06900836135446	19.8551	22.0629	22.2228	30.1845
LCS_562	367.888319374694	2390.97516011786	2758.86347949255	0.531897678495312	5.39195312821425	5.30707706039725	5.5651061173565	10.3772510395249	5.28312627070914	5.37222247489369	6.29729081408994	5.67341607241818	3.33647268523817	5.57258885688945	5.15444863098815	7.13783699090735	6.20802364010163	7.2593094847015	4.58680556988554	7.96508689244696	5.53462631380481	7.79992872845802	5.62574822467141	9.13040873915607	5.44422325980519	3.76025856153382	2.42631732724963	7.40648877181852	5.95951691901865	7.30974069708833	3.79544824880751	3.90786144368213	6.85068028638811	6.29691064077041	7.46967657022432	7.84002116784872	9.22823845818637	4.06804168157587	5.70353222951037	5.88143400690719	7.27643915988278	5.28503863473072	5.6909693395019	6.81825872173427	6.50844096291231	5.09787777484412	8.32730495951906	7.36674807730302	7.98956571974551	5.61453802312859	6.42507062081221	7.44761645871898	6.87038761076452	7.19190802559684	8.16951650915669	4.5140502275049	6.7191116190201	3.3363124837716	4.60814912964084	5.62791033352675	6.08413892404905	4.67239948019713	21.6966	22.9996	22.755	30.5916
LCS_563	-1069.90207138095	1396.7756889601	326.873617579149	0.79428382385009	5.49241957118798	5.23035329474733	6.52588277593133	11.2167398181997	5.27203717067628	6.05798574106949	6.30663301135044	6.60630009747961	3.36147820420601	6.67238727644827	5.77249206503348	8.03003349929944	6.10966513778234	7.77197996598891	4.87340593482351	7.78772080642898	5.49400823186344	8.13640216404668	5.79185245073616	12.0984153826771	5.38569277138212	3.84673329376426	2.51491314830596	6.72556038845782	6.0142891717758	7.54609826765846	3.660162055047	4.57409135288791	7.23229768123743	6.21512304386395	8.04960530109717	8.17979121396976	9.49314875712448	3.7934987170857	3.97414136018746	5.74424011164366	8.02579281371934	5.00254574551892	5.50010001813471	7.98336363445675	6.47595881905607	5.06907618516376	8.64242999625468	6.11942962360634	7.71802008980606	5.42472771367758	6.69810313781118	6.97463659413005	7.13614471662795	5.74182328560436	8.97966491997304	4.26279521169372	6.62566062012229	3.30149305887991	5.01693376458645	5.45113672951679	5.41484027772602	4.87869834528276	15.8224	17.6188	17.7376	28.3094
LCS_564	-1358.85888056846	682.042223387104	-676.816657181351	0.874865449130554	5.5446729553836	5.61086562557114	5.65390486434075	11.234484642769	5.34295757613449	4.77879652088303	6.39905112202788	6.0995218019938	3.49113229473014	5.29735874263385	6.19612415612361	6.5453291588533	6.15823081685374	6.97714101635714	5.02460999661536	7.53467276520545	5.35215994320571	8.27342775183004	5.4090645924892	10.3663463023887	7.70200554976978	3.82176954476428	2.46186387054542	7.65709429341756	7.58924964502997	7.33777945127607	3.81509473127286	4.06066465466391	7.26478542884181	7.8267332967473	7.32266598148664	7.6263585109405	9.10914772140845	4.11194476004329	3.79202237550984	5.81598917143095	6.51142179127575	5.07935958644253	5.80333887755096	6.80355728415943	6.71394973831323	5.11196154771665	7.26742808987398	6.86295899250788	7.02504039213787	6.40485245193344	6.09721650631108	6.4470056830971	7.25765390095587	4.8467512246665	8.30334634274693	4.57649948319671	6.57440135757118	3.36541774414985	4.79083386560698	5.70792026144168	7.39780735287427	4.62151966036625	18.22	20.1808	18.9846	27.8018
LCS_565	-308.672207292931	1711.5607977257	1402.88859043277	0.688835440953126	5.78077875294803	5.80475508846787	5.94368169254146	10.7036692184088	5.49981657358058	5.87459916667669	6.42916797842935	5.59108343466503	3.7575617351589	5.67560722462592	4.75098809807719	7.41530914662992	6.31876514878746	6.57013897811242	5.31636526511002	7.82132060688963	5.59631751736202	7.84943886484374	5.77430621729764	5.65706970507269	5.3664114627834	4.01440092711227	2.80090496871867	8.09296281986428	6.27347698381656	7.10755995889482	4.10836353288962	6.09251711032903	6.70426728736629	6.63978873356959	7.55727532417402	6.77392862094396	8.38206358837778	4.07181722596843	6.10067797723585	6.19252578994364	6.4006322952866	5.52996230696898	5.75470651649586	6.36110329951397	6.41842473367839	5.48588337728549	8.19643471640318	6.51404765554288	7.52630228769866	5.67010291757695	6.23739165566472	7.26360000334446	6.88317790297981	5.35304305582047	8.47451519112874	4.75148543338171	6.66352012328248	3.72466481217677	4.97225597984013	6.03059253661982	5.91120499346779	5.06277606698449	15.9105	17.0173	17.8198	28.6644
LCS_566	1032.81237406442	2891.97260970668	3924.7849837711	0.379907425827753	5.60534307790305	5.60295577488345	6.18282479546246	10.6448386149065	5.41955202328091	5.9716245233425	6.53977686167851	6.13899641804641	3.53966004138988	6.60720299491576	4.79675459224681	7.42006725384923	6.31990414681584	7.72320136363463	4.96467803801659	8.19539886012462	5.85761184084027	7.64860904028801	5.73358551819562	10.6563949553316	5.71071748400764	3.87589270933402	2.54015837656886	6.86865040347667	5.38311610777309	7.07600360999267	3.87529394278708	6.28723842460387	6.95142684807101	5.386312245896	7.53168088503035	8.3688456997675	9.38268871660039	3.80587625012885	6.85824949917191	5.97800837246522	6.99484100098022	5.2709967216765	5.82699298816469	6.51103092241456	6.59206638523293	5.29555406771883	8.14391439418046	6.22969522120054	7.25082045859718	5.81296802056304	6.3201436545423	6.64639539910361	7.07042430153578	6.85627948583675	8.25063989932847	4.83278943490901	6.7087639016958	3.42165189426676	5.17605436147086	5.88235970038062	5.63324002931281	4.85957843337748	17.9318	20.348	20.6195	30.6641
LCS_567	200.288120444856	2361.8775291651	2562.16564960996	0.556122460814873	5.87639765235421	5.5394413260525	8.67278880094375	9.10093928508767	5.44411158803275	5.41581215506952	6.30083077687362	6.77346253122089	3.50138198791719	5.84599358940359	4.35411515284155	8.77647443850559	6.37876036993917	7.0016215973498	5.80018852592141	6.87084950980053	6.11683831576022	7.87290013784128	6.2393078915915	7.1135960536176	5.83660618305489	3.99768246051126	2.70270324324691	5.78228219736426	5.43231784125763	7.26786924047366	3.88749453176004	4.45272865731845	6.32710405159984	5.36752653046861	7.40893015293339	7.24038839547908	8.64714074226768	4.17018024677776	3.94182025670476	6.17459631582822	5.86943309390848	5.34474700968915	5.89973972325702	5.46278392392654	6.38035936798544	5.46752712710957	8.89473270199302	6.42507343925446	6.69099305994195	6.31353156071904	6.51035605879926	6.13324565968209	7.03522849396985	6.2511923443315	8.19674653905688	4.64546203964734	6.80987526233371	3.5547040143734	7.18728740109858	6.16365326789105	5.62621136583656	4.95684634027417	13.3636	19.4026	20.0528	28.469
LCS_584	-1919.20859057219	1011.19536340005	-908.013227172137	0.890796460581212	5.32450828660812	5.2139556532847	8.73277723582585	8.07041331575724	5.1328660059419	4.69264556385342	6.03363928734564	6.83126270286682	3.44136941142024	7.23024606643074	5.73949682006648	8.40033329407056	5.90765957558955	6.78051753506345	7.93778174639693	8.30779657826503	5.41048003683318	4.84214057421152	5.90103822998059	11.918936076235	6.86856538200268	3.84978713777736	4.37367337553277	6.47769827208999	4.85274778913797	7.32038734411554	3.55171861969836	5.31131691359439	6.92412008873622	3.71890441765354	7.28525949135188	7.6926386921839	9.5914727555206	3.82591660025369	3.66807521973885	5.84666045744286	8.24060418889421	5.31796519356115	5.59181739801118	5.69039370476256	6.3423062365554	5.89839626431105	8.82642084365296	5.93050468971756	6.44840877755606	6.27753963427637	7.18100673048918	5.23863268876845	7.36176733597004	7.07478206812515	8.15384934152807	4.55698005636939	6.60053536514759	3.47924963537318	6.44631189091811	5.66137622805472	5.38681742449252	5.38409940641907	14.3362	13.6609	13.1864	22.3604
