ID	StromalScore_mic	ImmuneScore_mic	ESTIMATEScore_mic	TumorPurity_mic	GSTO2_RNA	MGST1_RNA	PRDX6_RNA	ADH5_RNA	SLCO2A1_RNA	GSTA2_RNA	ADH1B_RNA	GGT1_RNA	GSTM4_RNA	GPX2_RNA	GPX1_RNA	ADH7_RNA	ADH4_RNA	PTGES_RNA	GPX5_RNA	GPX7_RNA	TRMT12_RNA	UBIAD1_RNA	GSTM1_RNA	SLCO1B1_RNA	GSTO1_RNA	GPX6_RNA	LTC4S_RNA	GSTA5_RNA	HMGCL_RNA	DHDDS_RNA	MGST3_RNA	GPX4_RNA	GSTK1_RNA	SLC7A9_RNA	GPX8_RNA	GPX3_RNA	GSTM2_RNA	ADH6_RNA	GGCT_RNA	MGST2_RNA	ADHFE1_RNA	GSTA3_RNA	AKR1C3_RNA	GSTM3_RNA	GGT7_RNA	HPGDS_RNA	COX10_RNA	SLCO1A2_RNA	SLCO1B3_RNA	ADH1C_RNA	GSTP1_RNA	GSTA1_RNA	ADH1A_RNA	GGT5_RNA	GGTLC2_RNA	ARID4B_RNA	GGT6_RNA	GSTA4_RNA	GSTZ1_RNA	GSTM5_RNA	GSR_RNA	HAGH_RNA	GSS_RNA	HAGHL_RNA	SLC25A39_RNA	ESD_RNA	ABCC5_RNA	SLC25A40_RNA	GGTLC1_RNA	GLO1_RNA	PDIA6_RNA	PRDX1_RNA	TMX3_RNA	PDIA4_RNA	PDIA5_RNA	PRDX3_RNA	PRDX5_RNA	P4HB_RNA	PRDX2_RNA	GLOD4_RNA	ALOX12_RNA	PDIA3_RNA	NADH_upmeta	Cysteinylglycine_upmeta	meta
LCS_501	-470.672697732706	2080.42831690595	1609.75561917325	0.666508648918248	4.7071666962115	6.27117667492404	8.62445847825743	6.79398272767842	5.73381551442637	4.6769032663632	8.15539360504055	6.0787517692329	6.06475344901115	6.73140417680409	8.2783748264773	4.4395705265198	6.88438972274768	5.61076334516765	3.6851737845751	5.80033920161032	5.99703079746859	7.3064799445146	5.20149679781905	8.61493609408568	6.44890559798987	3.70152435798297	6.24273881064763	4.62548330284889	7.58620231199014	7.29730645840418	5.85502894570502	9.1148621566816	6.79406576460625	6.39254358045881	3.55642834072686	7.2175140323268	5.20288896623467	7.02450536940774	6.28019149151671	5.87965317947107	6.81895104054068	3.99825634459674	6.72671698026425	4.71169201608447	5.86848252707134	3.74228905551521	6.03050499293768	3.26327741532742	10.1726502198871	6.87560593591336	6.58047193841911	5.00967860520574	7.54865708623554	6.54892693556461	6.39204849345183	7.59231339168716	5.33579453744603	6.59271869515712	5.34953742838677	4.49893895730646	8.36723541399632	7.28164456427562	6.64503577996278	6.33240053888639	7.78366838994486	6.76787277595774	6.49652554134209	6.97700562901205	5.87570035769168	7.97894082407048	8.66347219888526	10.0808549635243	6.87597424341779	9.38198180255169	7.62923876189442	9.60724236572285	7.94869993871549	10.1164415786092	7.06298467057584	5.75759347662364	5.05131908455208	10.4396595389976	18.9258	21.299	29.5573
LCS_502	673.077446092575	3014.57890163221	3687.65634772478	0.411868810235354	3.62543649422401	6.96586161094667	8.34428470837237	7.21041365754613	6.70449509910172	7.6706450829518	10.4148011935005	7.55945463250499	6.65837659226186	7.95355009606097	8.16162253266059	4.96799160403574	8.27882885882747	6.07069269948633	3.52215205619625	4.92950507806228	6.52656327612121	7.24710325527741	5.44531323548002	9.65650182064599	6.55055002669104	3.64470549894284	6.43374087742643	5.38589056402789	8.6672308899924	6.8434943895764	5.15288074379749	8.96393414403489	7.20810041688603	6.48701884476944	4.20400476462753	7.15529813561007	5.51403629592279	7.22086417411321	5.45437017667765	6.11810349809428	8.20471733136655	4.65798043270069	7.50214475292555	5.45090148181705	5.88206034808084	3.80330501652194	6.1343550648929	3.09415481524961	5.7456639846149	10.0001669851942	7.26519685676554	7.79094971615471	9.1965962963538	7.06652423748376	7.11741093256984	6.55422023810128	5.54942689572036	6.02766668333388	5.87056448494123	4.78987154371861	8.50686258227908	8.30325416153817	6.91822790122307	6.60609653250725	8.41422306147357	6.85604475323763	6.79600873365491	5.43974487070891	6.69385684523567	7.38950920920562	8.09228466109628	10.266174668201	6.38102601332671	8.52284410078689	7.245584458002	9.63800691661827	8.38924462402651	9.93754316949703	7.1701012920058	5.6277170423222	5.47724594321356	9.904564333377	17.9132	22.0038	27.9703
LCS_503	55.3353111621776	2519.74071297875	2575.07602414093	0.55454645047659	3.3839723662048	6.87566418377744	9.06465853131669	7.65545369116402	6.84043880577097	8.26567337713133	11.4918319149563	6.38782657118219	9.17104406749567	5.81904425862324	8.054375080304	5.10693133366581	11.0561587622908	5.88523803451297	3.97952935250968	4.97073318920268	5.5913161671211	6.82052928861433	8.62891595596163	10.1380875739065	6.71706811856901	3.39539926993871	6.4464509804039	5.83008971516938	8.63047221666583	6.87440352860595	5.35387845253088	8.07095632719304	7.56308570776173	6.28832157557416	3.75417258939254	7.8818286135049	6.95268834151326	8.20070843146968	5.48699592007809	6.54041233809169	8.51616708772269	4.95464648363368	7.56779325886376	4.3636064064179	5.69983698455311	4.15821599156567	6.85002257513219	3.53344216141025	10.7693832251347	10.9153967193961	6.9808064008174	8.37142486155405	9.76692046461484	6.76744926544171	7.05865906634597	6.79317190248838	5.64592795229261	5.61630596306369	5.72018880636249	5.73082675498588	8.44361087792502	8.25355715001173	6.47492045001898	6.78132609550454	7.8657649261868	7.43409043372994	6.16350075095646	6.28106392815137	6.39612025445779	7.04435032289289	7.65083422127133	10.0940341284398	6.34066337745607	8.58681058204859	6.63262876965807	9.94982825736986	8.11276751732933	9.54587276743288	7.05175604145276	5.54159368337616	5.78955474337336	9.78625235909059	17.3772	17.6922	24.7882
LCS_504	-382.683021806808	2128.26656484136	1745.58354303455	0.651513464005902	3.83949048028787	6.63461654648618	9.37995324963733	7.72629313741972	6.2985379689654	5.75912930746103	11.8801284357077	6.19533919140727	7.15053773819569	7.76442408437425	7.47562336980104	4.96845202621292	10.746970786194	5.90592796990555	3.72049259304803	4.77573196253392	6.50743146136368	6.98542470794609	5.46557902074849	9.55148017295857	6.31148646263503	3.88830847712798	6.39039653362873	4.95956899672665	8.56859959797968	6.74525849408452	5.410377495582	8.62884924513078	7.35752821154943	6.11283856199526	3.55571791935682	7.63814589012968	5.50227014228393	9.63000144663861	4.96138231671806	6.39215740194556	8.77932771082853	4.21293471779805	6.72296472964117	5.17167721633389	5.77709073564676	3.51658794081699	6.59425847768071	3.11870155068163	10.6020352649821	11.0635684759265	6.89514864820654	6.43028706991456	8.81850213363047	7.07164953281282	6.81096605912736	7.0898626411633	5.64112603481889	6.19312435579555	5.87369648826383	4.66587350123073	7.82869848656684	8.10770290320948	6.50028930230515	6.698975498184	7.36366031917829	7.16462082969572	6.04713212467901	5.45538049018295	6.28988127825876	7.4446382176115	7.985668360165	9.73067045345665	6.26840843148967	8.41378924603338	7.57821022858647	9.59125577631723	7.8176482253396	9.70911736516658	7.57796912412988	6.03865057916846	5.62516005289772	9.59706506550234	18.2417	20.2619	28.4971
LCS_505	-1042.7325046965	1740.562055554	697.829550857494	0.760040766057954	3.98213607801359	5.44548163533693	8.69971186359404	7.57519489852712	6.42868071873457	5.62830736325427	9.54682949940138	7.51840544593472	7.16426562806503	4.38837877445135	7.19418027960438	4.70116174425066	8.95946552597318	5.89398907810334	3.90598844103766	5.50901879901369	5.99255853045425	6.7497129808848	5.87083354022418	10.5968324502081	6.37161573031849	4.35124426012239	6.29207667478644	5.20214137505071	7.9822318752037	6.89707905426416	4.98241031325618	7.77161334756671	6.8139836945574	7.36521619552453	3.7860197488771	7.07957513856249	5.64847189167192	8.00321120121821	5.51461051842183	6.31987991075223	8.41548205539708	4.26148064339688	6.68133759485227	5.6445616728684	5.97864918196034	3.84516041058308	6.40975981763844	3.32462995885054	10.6015939815432	7.86944917372019	6.76430072887943	6.26747421955715	9.23204479896563	6.69808214014607	7.20862995535245	7.28831584273917	5.61395955951827	7.16878525443067	5.65332219247306	4.70073256451834	7.32003952083148	7.54984384104807	6.51675115245978	6.49764462781826	7.49816527049477	7.55159131903229	6.21192291334541	6.32140795931806	6.57064187215263	7.89705549675773	8.19566219582764	9.28280373813886	6.32270779845638	8.16981357019589	8.12662780306375	9.77440441792169	7.552833555911	9.22495621298785	7.01149281553688	5.70142275057333	5.61453030252918	9.83656005570107	14.5684	21.4164	24.4621
LCS_506	31.9338250645928	2258.86726124236	2290.80108630695	0.588777932623808	3.40721925902703	6.36283195132099	8.46932728182032	7.16092528485092	6.94993654466177	7.95946340488039	8.18958427976194	6.65321274370887	6.90920535460658	7.43450881262972	7.79413893306253	4.6006456210915	7.38843902876948	5.82153454140356	3.83327660476272	5.39080488015837	5.65099043731166	7.084897129079	5.45463537835254	9.10496559616081	6.17898829916074	3.92386161787844	6.44608178137621	6.16189948582347	8.53073876050937	7.04119546933104	5.07979553168635	8.53061519529022	6.894452517551	7.0369326889572	4.2236397559335	7.4998522836176	5.34175204130127	7.50987499089567	6.1234119123324	6.09769765689721	7.70755694843243	5.33143707906505	7.68647449865995	6.51089509429711	6.19012294750016	4.05582187076801	6.08731233265041	3.15597314887293	8.39365779875081	7.37336718423849	7.07442653863988	8.8900202699451	7.40336651167395	6.85607373525176	7.01329446918511	6.71894764953585	5.93512728652934	6.47180007471716	5.8709227961081	4.62930865964675	8.54335637887588	8.16222579346214	7.23057486703403	6.64438424718001	8.04674276339702	7.03608108298983	6.1106067421906	6.27153563537431	6.4397501226385	7.55170773552594	8.20200753589901	10.5526832151159	7.00133761672029	7.92971325979558	6.74695784199371	9.36677382235187	8.06199912738407	9.79511542075506	6.92905336695219	5.58338198848355	5.91840133254419	9.98103477021327	17.0481	20.3006	26.6379
LCS_507	-76.5914269340714	1839.28608248695	1762.69465555288	0.649605932443747	3.56518702582806	7.11622369665662	9.68431368243895	6.75638331370221	7.11960263081216	7.38930542929427	11.0118601988073	6.1419704217352	8.71805615673583	6.75604874889453	7.567997873799	4.47702848948915	10.558272560503	5.28595715135672	3.74915040598724	5.7259250033662	5.98352331495921	7.60416966632404	6.7835137588112	10.6783699168535	6.70575494646222	3.43467277325091	5.97186319979745	5.64161135788597	8.25254796486433	6.7318608510511	5.73135932034397	9.40822451245492	7.46346919920531	6.81566569967007	3.59494960333508	8.22258643596456	6.14999133796027	8.18041711943875	6.10419264321756	6.16495081848709	8.8128232916613	4.73838207127571	7.50983330262856	6.24493220518614	6.26965772446937	3.64992914857453	6.84569779787097	3.40532251022338	10.3196661411092	10.3851525754082	6.54754051422244	8.14317069980282	9.2959653792226	6.78730728720446	6.482579209865	7.11249124286514	5.00173919229395	6.42681532476921	5.39480026527669	4.87730686541771	8.53927887973892	7.71832678002554	7.0040884717443	6.07795132011358	7.78727830590687	7.8544537643341	6.07372642627515	6.93474582363194	5.9263591147244	7.88699193720412	7.88408247058919	9.70798073579352	6.9582727249997	8.45435585614939	8.00924719025336	10.0390398761937	7.53796744743606	9.77107233622528	7.49774234786417	5.54860865951481	4.70769780568605	10.1510941258277	17.6766	20.7037	31.4638
LCS_508	-2357.11879390502	7.43541463960941	-2349.68337926541	0.966369167370311	3.72872904556445	6.43528667879915	9.24603438318831	6.7143131223938	5.74051014446094	9.01942728405684	7.12378629116169	7.34600095968301	6.98178090435032	7.80148005493448	6.92997189877686	4.74596753618135	4.2493188842835	5.85466053325175	3.63608809700824	5.70874972855954	6.48783061215484	7.04345894216237	5.66820777249553	7.21638206010858	5.79386415755706	3.91591318862056	6.34493513437075	6.17162564704122	7.86629767246217	6.89068724467302	6.20157033305755	8.56460804876734	6.11222700310809	7.41309664579319	4.73296109429696	6.68147249319187	6.13720861707963	5.9326201124573	5.810287548038	4.94846040035609	7.3465792287071	5.61113482802029	9.78158341204545	6.26768776891825	6.18412065565074	3.53099701160985	6.06104685458172	4.4722660328046	3.78453098280226	6.47513993249821	8.01293534357086	8.62271748390476	6.94559964971875	6.74648142691508	7.2092227576974	6.06630525217522	5.51672648791597	7.38889867823498	5.60510097899155	4.62276499686595	9.32239006603553	7.51989421882657	6.99880660212146	6.54992572506872	7.90750073428092	7.29300552383523	6.25984145613946	6.08379444284625	6.63214199754967	7.80449164538087	8.55472792939742	10.6293839024594	6.25566343350297	9.17346701444669	6.803221439749	9.0909755030739	8.29730210065681	9.42524387066189	6.85690748727382	5.67375020618408	5.37059044075319	10.438709850547	17.5744	27.533	30.0954
LCS_509	432.421691219434	3470.01141456103	3902.43310578047	0.38294037764497	3.37485878110185	5.77970013474015	9.0696966128857	6.15303464227375	5.82926342800778	6.85420363522036	4.8769041037859	6.55697371727166	8.69207832652914	5.89724296599152	8.77367779162587	4.55457934694883	3.94572379574168	6.19170326190791	3.74880506385646	5.3474401339131	6.18944141166721	7.1117294236915	5.78766754969882	5.56600362065387	5.89676718753021	3.35252022067551	6.10631523622332	5.31864716036982	7.79037578586493	7.73497302468863	5.87110565285322	9.85187783917055	8.44308864963832	4.98841075485041	5.08816933694309	8.98508672110179	5.81497156926838	3.70263685028548	6.4866949634362	6.08053174368265	6.80967691720358	4.37286926015744	6.62688566538551	7.20193904161382	5.92541532448271	4.43453507303716	6.83128001371957	3.17611734004158	5.75319345508659	5.31043843663072	6.97516489117562	7.7477658365082	3.89398289885063	6.39690096951133	6.81336592131861	7.02672944276982	5.2455549646424	6.43586428443743	5.46698658468247	4.70805664882682	8.59105867911585	7.46788374809341	7.51854658513618	6.37854090664973	9.33224042189874	7.28150307297908	7.24836715057296	7.50512336687357	6.14452482344977	7.72970278668164	7.68823206140578	9.62827744128231	6.65395907267519	7.96458670955958	6.25819896462834	9.5853977074703	8.53339636107437	9.5471303615294	8.80777583636307	5.81290565486021	4.79626134685418	9.70572630244243	15.615	21.868	27.4517
LCS_510	-1933.48920743981	413.682760319663	-1519.80644712015	0.927959237567297	4.16311157447697	5.77636034798081	9.02881638038175	7.44864688774105	5.58850547676072	3.81181008295689	11.4416798387894	6.20875515775911	7.59142276727403	4.79690081506395	7.4378527406148	5.23026850491051	10.2556371310375	5.60893744657134	3.80919213709294	4.68474217819869	6.1732578245443	7.49297504398768	5.50466752593903	9.02289196807952	6.21896515919036	3.80963857261397	6.23364406812391	5.1182420082847	8.27726006033248	6.85818513799008	5.33322365745073	8.80821026373416	7.66783561314028	6.57254867837626	3.66173059876437	7.02741817872847	5.59902843765594	8.36454968156096	5.61558889188288	6.67042527719102	8.79525253988543	3.95743301711623	7.38953273454904	4.86237784347452	6.2684116181657	3.44715396019744	6.25592720058636	3.51975012315592	9.31549137236877	8.75787873222729	6.4765976789853	4.33369037854338	10.4185603312297	6.58205404890145	6.7829506053063	7.3145761286331	5.44816085507692	7.15304712948457	5.98655904183502	4.67930111836469	7.85609880822477	8.15416277408957	6.92873162695963	6.51919802805953	8.09499849644458	6.84508927707582	6.18352657814613	6.53558854066545	6.3265246064533	8.16287366090838	8.4319133737606	9.21284729881275	6.45389467638664	9.42776791997024	7.45887753760107	9.38082394191115	7.98496499295702	9.87601265883016	6.44232957521485	5.48688564580031	5.19277174683689	10.1364461324108	16.5449	23.3211	29.8234
LCS_511	-747.168870623609	2837.62519011353	2090.45631948992	0.612290490488028	3.68908645643101	4.89863067945929	8.72934948161796	7.49564391856381	7.26695522458573	5.48101495278832	7.02926733715736	7.26639386455098	7.55792235687121	4.92655735077638	7.84666659813933	4.29945377481002	8.90176392395417	5.7381518787317	3.53223999268999	6.25351372255972	5.96790551195908	6.88154584326284	6.62988661288474	7.91481810607126	6.05789930504193	3.56710325146469	6.18309450972346	4.95904847184982	7.48553462719532	6.8643824975632	4.7658818676699	9.07057715535212	7.31555019267065	6.5098227061267	3.97783491554571	7.02114959865134	6.17030033039819	7.58787237420463	5.66666944288143	6.16982212584014	6.55653467819142	3.82268635074644	7.31227063563527	4.39760911415677	5.87723393393069	3.31618807962022	6.33152257414085	3.73461780685269	10.2877970227773	7.12207324032205	6.73217267902275	5.66329530704558	9.67993390906595	6.5857739593421	7.19304821817515	7.02088906491551	5.15968355860052	6.21027682325357	5.49693587389383	4.837719497912	8.10437343833222	7.71361488460259	6.94801409841894	6.32505048445688	8.48701558530176	7.60566111527976	6.6740652793928	6.41009733107012	6.4790345841812	8.62034479294599	8.61380072507088	10.2102512161694	6.38424449616282	9.39254846222078	7.05633874224083	10.0323192464155	7.96940149641294	10.073639421683	7.81371911368339	6.11801099588808	4.8009935497883	10.2457347210364	12.2883	19.7311	18.6159
LCS_512	-1438.32455062577	1483.71956840484	45.3950177790673	0.818701290036842	3.52815531692973	6.53178271227331	8.34134092994399	6.62944865063358	5.56310831150462	6.59913996369357	9.14158026450438	6.36537851139692	7.1590352540581	7.90250415696127	8.7704358207846	4.80575254302764	7.51629651774009	6.15831901004997	4.13430769646069	4.71828926913452	6.18305452397987	7.41633820695744	5.5238822578311	9.15760189582467	6.85163554004308	3.9016424958332	6.66944532077691	5.36207691410962	9.25491455698085	7.22721601585053	5.051651230605	9.03431626208121	8.2290719678471	6.54417458717437	3.49831477315024	8.71132211067411	5.54292583343021	6.54890525431488	6.490204579589	5.82700065158637	8.55055141450064	4.57169984523517	7.02113591088218	6.82547269175796	6.03060775047732	3.54932407112608	6.07221901448503	3.10137440505288	9.67101503064689	8.37314178679049	6.86702734425128	7.60566235577318	8.0173636852803	6.81343427958387	6.87152685320626	6.37531496891509	5.91221258738824	4.76450009482607	6.09143677215992	4.81850491782192	8.8421459301362	8.21367884201004	7.1241062573207	6.83026247881364	8.47866007202153	7.40902250821984	6.28650387701807	6.12436834821623	6.32686569064392	7.43008396040865	8.38417627681822	10.2288291057278	5.94376698336359	9.27183474144901	6.92154864119763	9.1036990678329	8.60710462631537	10.0209771935236	7.44850065272466	5.74205836811408	5.39170887859506	10.349148622683	15.696	21.758	27.8181
LCS_513	-1114.92092951233	1515.53941761458	400.618488102249	0.787660787287152	5.20068829113748	5.69020063770401	7.77243153624267	7.22060131380863	6.13359891173883	4.50187520523061	10.1122195432396	6.56721304690037	6.07051213858595	7.16154244761792	7.41921916411934	4.75689299304755	7.600897829068	5.99313643924102	3.519448915175	5.07420118924811	5.61485943190464	6.6893672178424	5.69214121435609	8.52263482768116	6.59939085811176	3.69054891662328	6.62553566575689	5.09113408706821	7.04613662958637	6.37793621838753	5.19862924161098	8.46491480538411	7.00268166354281	6.75555966504555	3.64127544314332	6.12123008058508	5.48828583642622	8.56885638775994	5.63441368321162	6.5167768061449	4.88739068203029	3.91346945858223	6.92535919550556	4.36134756623979	5.95005851806295	3.46283668709733	6.21695110153258	3.05944594257748	6.37530585776127	10.0141858193456	6.87719916324305	4.05460972738412	9.92253225991521	6.92193971916418	7.09707569763153	6.97812169568774	5.68775671203253	5.96565727378391	5.97424359592634	4.77694188477315	8.56989832675207	8.02613312054637	6.84727693885885	6.88397678760474	8.11506460071967	6.83165550777239	5.97920775916041	5.46516085240082	6.64454802642215	6.49974261792805	7.98368643860226	8.9974858148269	6.0558566613822	8.83902731218142	7.92998166620782	9.05740151134703	8.27722755966985	9.68436964343771	6.74008758652222	5.81094300879135	5.47205786304616	9.78630490136542	12.2883	19.9128	24.6119
LCS_514	-1843.02128116645	-95.5286535184085	-1938.54993468486	0.949099890773949	3.42789212074252	7.505505078394	8.72275819547011	7.17297079211218	6.06826059072214	9.58311403724219	11.5179763248941	6.19166303464451	6.17433601842083	5.83061523371476	8.25358401771648	4.61276344255374	10.6487671473939	5.61782377112325	3.73508840652982	4.89585425271852	5.98118864538204	7.82228164454536	5.36938984925741	11.0296386073074	6.19408655751426	3.36721939003543	6.35065552117835	6.47653223329564	8.79899370010819	6.39223101372526	5.46543782471673	9.68376779920055	8.16745411244962	6.24227780845097	3.60741107986312	8.39970503995013	5.27690760670619	8.3463378780733	5.93877136129419	6.35248570767177	8.54821370179177	6.20389942815878	7.83903451413146	4.29378345000802	5.59181814803345	3.42847734029823	6.37757284552205	3.12956976751526	4.64595860855815	11.0229402641966	6.4712219455737	9.38526659531825	10.2755969074658	6.53945961986473	6.69485544858348	6.63483471922473	5.60675848537438	6.32028278604941	5.84918403061438	4.56243800794041	7.80051870781541	9.16903686455486	6.82335354973966	6.51924788716528	8.29494499661021	7.40318549224177	5.92834981459112	5.95825664784237	6.38800608042079	7.6847808446773	8.53555907836044	9.79162451670646	7.02340836277517	9.18465367058452	7.45815856654292	9.82887030544237	8.14388108173191	10.3452296712912	7.45968091521631	5.94218381318242	5.20712142178605	10.409085045609	12.2883	21.1104	28.4527
LCS_515	-337.529136913069	1886.7433412681	1549.21420435503	0.673107311739951	4.66232932131662	5.98141994921795	8.62741323370039	7.6215702996093	6.92612853353728	8.39456680570129	10.6485378213161	6.72933594518151	6.72318363597222	7.53633491823086	7.62253324419867	4.34231934169789	10.3263634740977	6.03524777468348	3.70705762335884	5.46713851433302	6.24132764380269	6.7816608563214	5.28399357720538	10.5244310617397	6.41660605397384	3.6238111927534	6.40787742164268	5.90186434479862	7.38247561428394	6.46944823199481	5.28195495778109	9.12893097910633	7.25823767046812	6.64072258865752	3.85928590951067	7.07091639080628	5.20368031487222	8.52701102167318	6.70344573223149	6.73803340564608	7.44693298279527	5.04226325993577	6.98470671479359	5.50100550966436	5.78669211060106	3.51591673637781	6.68218523472658	2.93509877915464	9.66466366098125	9.37313743699545	6.6127010856659	8.70805107809633	10.2920949147586	6.86747303110617	7.26309964711829	7.52601375611816	5.45034022983109	6.21607274151018	5.59044072385718	4.53385112457793	7.38656086754238	7.71199078075029	7.14058716152165	6.57709365818122	8.02713201920842	7.20762993592305	5.97686598371178	5.75423796456388	6.53649816061211	8.36185200045708	7.81477331396764	8.95333506615939	5.87242809284005	8.73383837376423	8.0253738951976	9.16333633029556	7.98953813790768	9.40659596227623	7.59005442086792	6.16742620342273	5.00532870297143	9.94160214401473	19.4148	21.7078	28.7081
LCS_516	-1496.26422088716	391.706039614699	-1104.55818127246	0.903533688588042	3.94376039270629	7.14012237769896	9.61630687779252	7.48755871017995	5.97171887117324	8.42492974644167	12.1017420311583	6.01015638327282	9.27557865962016	7.23657259680326	7.72969902440876	4.67215661692957	11.1047670674305	5.4845973016336	3.80813246122304	4.67734599853731	6.3988885066433	7.06666835582142	8.87825187989353	10.5976630533028	7.12477032377781	4.13935295464979	6.20172364506645	5.93096042630512	9.12547709976504	7.01922920016842	6.14692931953168	9.57145429241144	8.48126000420068	6.64036031974502	3.45017521697807	7.85958736381572	6.6789356923008	10.0722882878442	6.05900586373065	6.9944357782499	9.66251172891396	5.18915410183958	7.42928471533444	4.49375552557634	5.95686383953321	3.53466961802733	6.80373800920186	3.00438315136364	11.5631269790842	11.3260616927308	6.40693145745504	8.3729397044246	10.5391905894566	6.51444522603707	6.49137272666897	7.26910413240173	5.30738800850356	6.11876545240415	6.53313639056496	5.4584199019558	8.28699685878313	8.68513560780335	7.02975368075355	6.44616038885649	8.00607764396229	7.96526693932062	6.20369583062921	6.26880459943205	6.19658616937704	7.44349004420533	7.96616577105937	10.5487257436381	6.41679540899168	8.64535957068394	7.22543633719396	9.98468960955402	7.55533414286742	10.0558729781124	7.65265650436798	5.59420359484685	5.29255994550161	9.89239393675694	16.9873	17.0204	28.6661
LCS_517	-814.740814285405	1942.36460270668	1127.62378842127	0.717556039365337	3.52061898710951	7.67397722583882	9.81183984958628	7.51183195366486	6.53003546912009	9.68971305667199	11.5088629416039	5.96533743559312	8.20723035651407	8.24781865783164	7.44447998111897	4.36079027188496	9.8251998256829	5.61156734976832	3.68901940211177	4.65607113450651	5.94352350749135	7.08059701239589	5.68123013764697	10.5165043741278	7.29383237491297	4.00268276626488	6.51873395039373	6.19239517980543	8.52998111341986	6.40151690147109	6.64928814369551	10.0620472105317	7.91507962341145	7.32560232741346	3.29334796367095	8.54207713955207	5.76836384637092	7.99849001818129	6.20715761268683	6.78614243242383	8.9979755597335	6.04631089702178	8.446314765229	3.61384173792723	5.86797520619658	3.38327053777473	6.91805428392533	3.25133194369037	4.04053995255181	10.8238048980503	6.30913296755669	9.40129138805976	9.93218356659401	6.68512478631629	6.73261420355226	7.35419091170221	5.51869548067921	6.04729334186414	5.94163071281057	4.79575419540744	8.98541237494169	8.17459176014383	7.14473888769376	6.70604643749418	8.00156606860596	7.25954416887896	5.89315861231306	6.21313283911282	6.14823461208337	7.77677555510369	7.98031387720886	9.58832001442458	6.43105573760975	9.05467251372958	7.87334809385002	9.04819030690633	8.01880499204444	9.7500496974923	7.91098460653351	6.01758006170718	5.14632007572473	10.149049321212	19.0355	22.3897	30.1426
LCS_518	-170.056475920447	2055.63108749102	1885.57461157057	0.635787728125185	3.91879008190844	6.75683135475941	8.29694689746022	6.98232329359002	5.50231532421214	6.15167534575673	9.68065050728566	6.21069114652213	8.67803145678651	7.70096942063066	7.8729283425877	4.78519881844504	9.00743332290853	5.37368521269804	3.58389124188397	4.58917367357112	5.63272725282238	7.19593901565668	6.53975766640976	9.00195327975153	6.61914710009422	3.67495782560268	6.1519351691195	5.04043683603725	8.27417586353437	7.28256231519508	5.6602203877322	8.79576162876575	7.10465901763977	5.93401135325568	4.32969621994679	8.61482216778	6.20509637465057	7.83790333180381	6.27723868063463	6.44169206878929	8.42275214200185	4.10104640345385	7.35546543628948	5.91427245844925	6.14881968068481	3.55739346009667	7.53327146750422	3.05376156470113	4.32598892653911	8.06829964130411	6.60366497145626	7.02464297845096	9.66639767242616	6.60084790121551	6.72944681097399	7.09085255909212	5.31202221476448	6.44494993853186	5.98330790151323	4.97952634736376	8.46905799138834	7.78762362867724	6.95513675216586	6.43514975679655	8.56718756168529	6.65630406477017	6.25925828390658	6.29046883296434	6.17824026499929	7.21568056385138	8.02742235659415	9.04743417433148	6.16620216112788	9.63352242866919	8.00888617463948	9.1810661641777	8.46315904958414	10.5668895776857	8.21277709712564	5.89501747551601	5.43168039449202	10.2930842490797	12.2883	21.2143	29.5075
LCS_519	-448.069378761734	1557.41726553608	1109.34788677435	0.719421950979402	3.42949854862873	7.32571464927174	9.65580309697647	7.35346901577883	5.16517624013967	7.88168810792236	10.8211204740287	6.92633275873975	8.59116517112395	8.53598616129664	7.79136744677464	4.50701125294377	5.70304923886631	5.4573991166911	3.72111545857882	5.42164847499629	6.71441516995135	7.28926932484185	5.83463993120576	8.87035284527076	6.14745633907943	3.4517726421955	6.14535943619592	5.58343529856386	8.73186107180399	6.92755827569574	5.63533578959474	8.7359972602877	7.01627419725706	7.1132422749759	3.50297135313531	8.21970901257933	5.8285602572381	5.56612149819056	6.33447800080909	6.29500142507021	8.13793155545665	4.72847353199547	8.21020040422949	7.6322767353831	5.80151247533211	4.50138068124207	6.46707546259475	3.09252886829183	5.94384687784557	11.5662219941344	6.37030784618206	7.89165702607509	8.64928244571254	6.35249593231683	6.84259613809845	7.57484584442617	5.09638516544972	6.22145558213101	5.50594693502373	4.7556217108131	8.91746538582573	7.77385014488216	6.91385164932138	6.29775863021616	8.31625691426714	6.46931539208126	6.75649124715355	6.08939464699966	6.26725246468844	7.83066554125136	8.42275754124085	10.2380298981284	7.1444558344988	10.290619307204	8.02254470656025	9.40963132623972	7.55993014262667	10.2991337286266	7.19933929936151	5.93316964932894	4.87533027381721	10.7443297180064	17.1308	21.8431	29.7594
LCS_520	-1536.51292492728	1996.73102208341	460.218097156136	0.782240663567048	3.4260597300915	6.42670158878234	8.80236683565435	6.88369675503304	5.66858864104858	7.6888557388039	11.5590820540896	5.80281223922134	8.40918529126633	8.17358046756475	7.65825789985703	5.06443028516554	10.2634024032479	5.94439884909946	3.93412520850594	5.68696634064004	5.67731782161066	7.17297004333538	5.97718908545262	10.0232042671772	6.78250432711716	3.64471805243792	6.23146688951358	5.35821264742011	8.59275032404303	7.13689965371443	5.07227965482199	8.87439474971432	7.71942432858063	7.06858174486279	3.34797228698504	8.1402699176161	5.82631438723649	8.45289348656502	6.2720074473857	6.26549382836332	8.6041284028591	4.42618072577146	8.52118794903356	5.45221135450925	6.18610538921668	3.67853797917924	6.20132690476613	2.92139701227012	9.82169445348869	10.889835774084	6.7565764252524	7.50889660273031	9.94430678745518	6.51946138952733	6.80475663715557	6.7100211772902	5.27149371665288	5.75515433870667	6.4511427882768	4.82516467895509	8.11073461174207	7.90934555646729	7.11049578663251	6.46539594585375	8.24400529412823	6.80044304925988	6.71366602505832	6.12213184762516	6.24557128185824	7.83411035710084	7.92381038885292	9.91601138008515	6.37658691123485	8.90452201384624	7.71904260318738	9.43232002128569	7.87477053730819	9.7393155474874	7.66609633969554	5.7093342517431	5.12255872348299	10.0820317996285	16.7189	18.2108	26.8717
LCS_524	-129.243492455974	1304.92145980273	1175.67796734676	0.712625254396935	4.31101833899038	6.91001860423089	8.49362295051696	6.76215758160169	6.03840394038552	7.04331317619071	8.57862272821405	7.2289955979121	7.9586163395171	6.31564589655236	7.66083719499658	4.37348067772482	7.63609169003985	5.63369335006817	3.59861466332365	5.41927213340216	5.48438638080235	6.85376090834992	5.81694162926289	9.46551445378531	6.80901725700342	3.66041551533641	6.44275376277109	5.3643812285515	7.14445493203151	6.88992621789404	5.98445337256406	8.87609862184634	7.61291687580229	6.64086487389508	4.12590609652247	7.97009268781684	5.64256788455946	6.43578315630934	6.63783559761568	6.03548503971359	8.26756542822156	4.55327919006825	7.5731566873608	4.21848041940466	5.8587512504917	3.54372976909337	6.420589357411	2.89430328424762	5.697825599747	7.19639666573914	6.83700888981685	7.63114229038237	7.61077150670839	6.88745845901105	7.60492309890906	6.6765514941822	5.42489550460351	6.78353696035753	5.42911669616071	4.90944310763713	8.03625736902602	8.8233830177577	6.998264469171	6.64111259150962	8.5169356783252	7.39024571658342	6.88672625972008	6.54131643741016	6.90360416439648	8.77752543433461	8.54932333751505	9.97237019177954	6.55907043883156	9.54169807808337	8.21289171294839	9.66837651775701	8.58931654789716	10.2924795209007	7.4327855316166	5.75068234131714	5.02246429238618	10.6374000536223	15.2434	22.2177	30.2907
LCS_525	-986.465069122892	1103.26123194575	116.796162822854	0.812638118520169	3.96662811667722	6.95777441746217	8.73894418078408	7.40300841165016	7.16779918842461	7.45902278465362	11.4789508154771	6.06745544096151	7.8882765070423	7.07092542544319	8.73146850772838	5.19996473826702	10.2045599275544	5.73733275546443	4.36189071216952	5.00806431957636	5.70834630564741	8.30542714088902	5.98332093560116	9.88217881669028	6.79004015433206	3.62020198375375	6.51263904417655	5.38302819313965	8.84082068694799	7.23423731859781	5.5859105815492	9.68183786761578	8.01132025177449	7.22718999624954	3.51106567175432	7.84660487031109	5.75527269360015	8.11407091886285	5.82699019693312	6.71980992903185	8.8272319097145	4.56090300399204	6.5054242857702	4.6118652462003	6.31399316872582	3.7064565523612	6.26717661334369	3.40390287706075	4.45313697790127	11.0345215639899	6.81113844647955	7.50020159593522	8.68519034930613	6.83479826254161	6.95580828649758	6.02396645364967	5.56932998370996	5.68540466574153	6.30038584689168	4.89554000213877	8.25011752197736	8.84355858730303	7.34163115104539	6.7789839740095	8.04445834496422	6.56234406090927	5.85481017119568	5.55381759861129	6.37574851841725	7.12315946385358	7.97913044101239	9.67187037430981	6.53220213578269	8.02744133779254	7.33188474959236	9.63561248194661	8.11221713689212	9.85257120057702	7.53516351248704	5.74303151846915	5.66422310089043	9.32648306236319	16.2879	22.5889	28.2822
LCS_527	-172.869873190638	2568.46854896596	2395.59867577532	0.576274704048085	3.42987615007132	6.66883749812974	9.50837797948528	7.28403753505053	7.02514958928211	7.20884484351465	11.9151902670606	7.54148004842804	7.29196893725714	8.48277165287141	8.22231879636857	4.93545279314654	11.1304103208736	5.5437214264785	3.63884324808099	4.98642528005761	6.30612101814525	7.22889988557771	5.39827504538938	9.86867219690016	6.54208337018802	3.71457709885754	6.16839665639719	5.75301265899784	8.5124721255495	6.77179146351625	6.06897017895438	9.31401712649974	8.34199657982688	7.1382470443396	3.68383135484032	8.25702058280706	5.45928599354402	9.16466135360699	5.66905676736895	6.94377106576871	9.06666531580544	4.70580636061881	6.56247453150801	5.52815546041972	5.56102804465421	3.90375385115298	6.52903661209316	3.12430647525306	10.320032701607	11.6600614544768	6.73599838499003	8.23941809485997	10.6982131071171	6.77212689269167	7.25753470354867	7.32956381165395	5.24624296746033	7.4530851581576	6.12581269943651	4.50088776967529	7.70761334444375	8.51404121377159	7.20777544182929	6.31303881898488	7.82685505922246	7.44671373211945	6.13545203534042	5.90867720787745	6.69780682497968	7.75565634023853	8.14667933566822	9.91733139312348	6.38573072236127	9.3457961337537	7.7416605982576	9.88200211578705	8.00234120053291	10.0230058978948	7.93013324731109	6.07045152916015	5.23178649241833	10.3434540788292	17.6022	21.8998	29.4535
LCS_528	-253.908643110841	4462.34285362128	4208.43421051044	0.34107459294862	3.85187787325487	6.21225508005919	7.46937435072931	6.8791052634652	5.93051378612202	6.05449651927723	5.88631936307574	6.59547259250448	5.28363013054139	5.00836514116901	7.77040283865566	4.94236612830409	5.17899823999696	6.00003863298208	3.9492994274185	5.0871977205961	6.32462145336184	6.88217622215297	5.49323290799654	3.92271887628009	6.14230058597603	3.90961171339262	6.46406545528136	5.0878831050984	7.19789269221202	6.79037026291229	4.78713082373111	8.45287510496812	6.27332021381421	5.14395229334651	4.70002262478624	5.77701260741546	5.26295165064627	4.95404572423836	5.67734234463621	5.63629297274418	5.30920278711935	4.09414613387573	6.92607969119737	5.68465665424362	5.78766732962303	3.70380906435187	6.34985151926424	3.75454253722948	3.92265371056634	5.5562003380318	7.9442590090563	6.3493522479032	4.65433111342216	6.8509058042369	6.71395683400164	6.67518628425352	5.48209599903047	6.35122094157197	5.60835456045589	4.53710703081501	7.60518416520472	7.31764385728447	6.93378635055971	6.80590451587282	7.44492625797547	6.39361667288158	6.06242413109332	5.59824729388005	6.46695227399107	7.37323383456202	8.37799096786962	9.84228746852504	6.1312058931884	8.87641396544976	6.92843600175968	8.64782797081152	7.49746636798072	9.58810869411133	6.92877326149912	5.79599592467767	5.59951909110189	9.84177517182362	13.9643	20.111	27.0252
LCS_529	-1683.00775373879	386.884725608618	-1296.12302813017	0.915224593848394	3.49237934737281	7.45294417708029	8.97389501427684	7.39729479871387	5.28752531086733	9.44406335259104	11.310307923229	5.82967157610605	7.84300872381368	9.07815520527542	7.88333039312887	4.5161993828641	11.1095057892804	5.68258584864232	3.75824231997661	4.75725014902601	6.50793786496944	7.09475644091805	5.69101494059832	8.2497094462582	6.31448811173023	3.60285606735853	6.55408474590089	6.35639952221109	8.47797708985334	6.88411813882727	6.09963601810864	9.60625355813472	7.58056045378625	6.35641985896199	3.3076734499191	8.24841228123434	5.52671220718094	8.9844257466466	5.73517001388466	6.39986273611317	8.88656122765289	5.79217257943439	7.75919324646902	5.70817277778977	5.81828868259008	4.22042987147416	6.60107033611015	3.50915012995151	11.0987148553286	10.8518185829523	6.24455710556506	9.25130894316705	9.77669511013	6.59132085578298	6.65978760603346	7.4427753381598	5.52117515454245	8.60535245886031	5.98217774618207	4.71825731052773	8.09451990325491	8.21810470342065	7.41370957882653	6.65584280236151	8.26377800229047	7.38690353324908	6.10492186895153	5.85375989959076	6.12380850569469	9.1072232074286	7.95061586861162	9.88100282256634	5.88293361691124	9.37311037273091	7.66698764302237	9.3352825669774	8.28968731152506	9.94801596647525	7.81699785469577	6.13009310443388	5.0573572665909	9.87862457638723	12.2883	20.3815	26.5797
LCS_530	-1722.81588282704	881.415951816198	-841.399931010843	0.886310772109038	3.35520377424953	7.02987100945376	9.85972607975587	6.7780171867669	5.20135759087625	8.89569418459459	7.38661059331355	7.36806338341954	7.97564971398596	8.00166935193856	8.65444530456228	4.6656282167883	7.44218178293697	5.36163782051757	3.60304626113459	4.86162842514935	6.18478550032173	7.14566087345089	5.60965755449013	9.37102499751164	5.88648864259523	3.58147747458298	5.92066030668932	5.76119882909246	8.65129903012654	7.39512291087941	5.7142899556666	9.07121219444724	8.0971005542908	7.20964667086057	3.46192255136701	7.45361206248974	5.55688490899467	6.55991545800272	7.12039957699895	5.70325092756866	8.45618126741278	5.19455094513459	7.99892302179607	6.17486057175222	5.95431475424631	4.11551021145898	6.31729145482039	3.26813299782395	3.96686254622286	7.78954313905016	6.21517075707662	8.38096934252904	7.07175016264077	6.19856814581377	7.1002853326736	7.0997950818808	5.86229545022752	7.63116387118305	6.54828479430969	4.58376854524054	8.49278186844605	8.31851583002146	7.36448565986217	6.13511250884677	9.00196314778735	6.91812816696143	6.98402523061422	6.54690279868774	6.54353969009306	8.66085316711287	8.57387030601909	10.0765831559388	6.59518907121646	9.91264301318114	7.51339183901707	9.08813463251788	8.90761069013988	10.0437683184533	7.30896413775631	5.69612092427213	4.91393232006314	10.7400524065655	12.2883	20.199	24.7491
LCS_536	968.628452432619	3163.35025632939	4131.97870876201	0.351602712982951	3.31816061402029	5.79810231874566	8.52734209531926	6.9518042003548	6.73881363114049	6.08683749544099	6.92915913492653	6.46530259239457	7.14628597703675	8.99283597431153	8.29362356704974	4.12884387577643	3.81621189668067	5.96326391554081	3.32868425983113	5.56115674474365	6.39632022875165	7.34016586062299	5.89360837824131	6.37754455267829	6.08259639287884	3.45748651330381	5.94012731907861	4.63092561220644	7.37448495289257	7.14354077544554	5.53662520502178	9.86093383229687	7.17146501948638	5.3970983248972	5.0832712193737	6.42707993734593	5.61287458285132	5.76247910791007	7.00058480255997	6.09439716835496	5.34178580261414	3.97714117672079	7.20966872865761	5.03550992797671	5.78469636016325	3.96646013629534	6.26598716393135	2.85436947191863	9.51867872331892	9.64489009854428	6.9382964343936	6.61869261950088	6.00568021801879	6.68465480519171	6.89476057348227	7.39582257677678	5.07700035422087	6.00638623839729	5.12547310344565	4.60222913392988	8.77714119640313	7.21043387586397	6.82810039401307	6.19744738043123	9.18901470167144	6.61485296725346	6.57532904196116	6.68865727429263	6.28758280354029	8.00809572881632	7.82681494047199	10.4628921203768	6.65326096429875	8.86617046644966	6.67720016243008	9.45029942664421	7.660071290901	10.5104376329215	7.62382687020127	5.97407769724642	4.73491653158143	10.5114394317431	13.6254	21.7527	26.0497
LCS_537	-374.365567996126	3921.32548775548	3546.95991975935	0.430599181892479	3.85940300797763	6.74486380901646	9.01234871343885	7.21917179447453	7.28433276696385	7.85589826783243	10.7554727803218	7.48119769251555	7.47527836990039	8.08285713606984	7.72558664777324	4.5027640877503	8.64084991325437	5.75538843471599	4.05680326150021	4.96142032934473	6.27368272551474	6.9592485946985	6.1227873726836	9.53467830948073	6.56622238945489	3.67810195471044	6.1419046423355	5.71735678953188	7.92873663255208	6.5429070267952	5.10328356722447	8.36173608830864	7.44792963747754	7.05198536703427	3.66467134960213	9.39121784468709	5.69372535079954	7.99280979047269	5.77662996462396	5.91420946671011	8.36867021408785	5.01810015775994	7.04841650603404	5.64620507211364	5.47596234398579	3.50418136179737	6.54724799320596	2.99111062222455	4.33871603634212	10.7008278992511	6.90965163577423	8.21272667050363	8.65785142340456	6.5920947890969	7.30310045843907	7.12262573293589	5.43963155063608	7.03782098699634	5.39390981454955	4.73893445925831	7.67040598544346	7.72958290741686	6.37847927452288	6.3619410528445	7.85011313309405	7.22545428218967	6.28127089884612	6.54784257829151	6.69868802519463	7.36725091779062	8.15300600275886	10.0086316317546	7.01879282431761	9.10926706644262	7.36455231637069	9.65202813268895	7.67237234029488	9.52962097819292	6.81692516219734	6.07594322311623	5.08792770088427	10.3383770657676	17.9416	21.1211	26.6884
LCS_539	-1246.96105932859	571.711710387345	-675.249348941243	0.874753991438372	3.49547510339874	6.72672512643649	9.17457245873402	6.92829794745802	6.403687950965	9.4726681550206	11.7073977486505	6.23233645034208	7.72584604972414	6.97401625707188	7.36436492253804	5.05252272105429	10.9105153852739	5.74025946714207	3.98668088282633	4.94425293950823	5.99905435230145	7.13596634830982	5.60933065595713	10.3950133299002	7.01584327233824	3.58894811586002	6.29777937856161	6.33554363948554	8.23755706355047	6.76404279581066	5.60218770041214	9.3958987963042	7.86555592381308	7.39031138145618	3.42813702129366	8.15232239029617	5.62641488921466	8.54137468771243	5.86483269947525	6.39081480484108	9.03096294518372	5.81688517689055	7.57152343516002	4.54020072020737	5.84652201066511	3.41518810422154	6.53051098203713	3.05524954372549	10.0984087494383	11.45165144228	6.7500800813755	8.82947555002201	10.3417197417408	6.65499118744583	6.85161672252571	7.18419015585366	5.59031206868433	6.32201237988407	5.72147665105119	4.65719505831465	8.21710845302657	8.31713412801996	7.1245392472841	6.6176339635699	7.74552308538579	6.43966036250524	5.99551807745446	6.62568928391453	6.2360351443244	7.77164213422231	7.91770267913145	9.66310650430106	6.57633150043581	9.58368521802757	7.77463497099832	9.39511271063329	7.79909250757776	9.55851127552724	7.01580192204861	5.3791430637539	5.52038184958736	9.95087598641828	19.1186	23.3458	29.8821
LCS_540	-1859.11538149709	558.007462080499	-1301.10791941659	0.915519192758418	3.89121569678665	7.09184857496165	8.85185916436711	7.33127890927944	5.30037900921676	8.13555124539192	7.68401909687916	7.349842862197	7.91864489264743	7.50029484434809	7.89529443386612	4.491059673926	4.24132082420059	5.76652586211724	3.79222153005758	5.03626300552416	5.5852359783322	6.92986914117234	6.2938840859648	9.78240417225136	6.45542541024217	3.50520957640022	6.45925527847673	5.92695776501669	8.83444548111349	6.90951962138297	5.94004860739711	9.28549793300477	7.81371967174111	6.35077631832415	3.62880667642256	7.03859091079044	5.73101694496199	7.68579277009924	6.87599702425765	6.22099740792101	8.48588485860832	5.20056714315005	8.86636481516691	3.96457874725391	6.06066524379956	3.41335154348508	6.49906188309058	3.28508277742388	3.89718500312746	6.34482969968504	6.43767168242748	8.95045935430078	7.44622594061413	6.48858133212673	7.49786867641266	7.00654890045731	5.39508805789556	7.52134353035639	5.93646201875363	4.84224730811966	9.01763581579426	8.70798906981107	7.03810961911408	6.63747158139911	8.91579171149084	7.44341674389785	6.30591290690852	6.73676721417097	6.78259581495007	8.66304722444613	8.23744895945559	9.6245937058135	6.54320548209915	9.4425930286121	7.75150285849147	9.0596216233967	8.12719695248286	10.2017778865021	7.16083780637716	5.7995111494951	4.82071743723062	10.1889921392475	13.2018	22.7354	27.1057
LCS_541	-684.751933731234	1991.14725788875	1306.39532415752	0.699033802923045	4.69815096916156	6.79061305869633	9.14039051191512	7.48465677111137	6.59423072184052	7.38753187217061	9.70945458675288	7.36883222647863	7.34212379038696	7.66976378160072	7.69796603633575	4.54429547496067	9.35843257897694	5.41802155971537	3.53122747417928	5.96904740645112	5.70259814506884	7.24190855950379	5.43501170226861	9.43993591218211	6.3451837557575	3.60482722439696	6.39528995115391	5.40598925435853	8.25525186216578	6.78650415749013	5.61830360969517	9.19296771694159	7.62345152380239	7.53901972786085	3.57254383553306	7.88218890995645	5.53703536401077	7.65322203328114	5.72614800566007	7.37646715775131	7.80463709072609	4.53623297559434	8.79227655476205	6.97043919040598	5.65686523607151	3.65128204764497	6.31895477137991	4.72051467988921	9.39382194757796	9.0426318309978	7.63335480706922	7.99144726553652	9.16059917878433	6.52833051397299	7.48073481915567	7.50968799784187	5.27836800709864	7.42644594665815	5.95084312195332	4.4682206056986	8.50546657701762	7.54444042908247	6.740007387436	6.4327843134867	8.04971962163288	7.94468483727933	5.95029640309898	6.25209321922435	6.71281869023808	8.50292818719939	7.96090805580828	10.1115137817502	6.45399757189199	8.8626854543807	7.89148349449951	9.31577894960934	8.26601896707163	9.87574807521123	7.2174915433983	5.65907648232917	4.68992597155263	9.90228712403861	17.3613	24.2959	26.5946
LCS_542	-2140.00594716023	172.764791253783	-1967.24115590644	0.950418000052259	3.73995825888885	6.98979481563921	8.85602277531354	7.67217829911977	5.63190851166453	8.67299651186444	8.74238480281727	6.27354516880136	8.83264799851202	5.57738541413543	7.14406416377087	4.27153688756516	10.2213526123284	5.54158291524792	3.91695109794475	6.29844583882381	5.86472528439961	7.37054413050519	6.90160124025963	8.41191749826082	7.2679073059711	3.75423310455677	6.44918572489573	6.12381507090843	9.03235619511614	6.99349348289562	5.13674337821682	9.30167311646559	8.51398575390314	8.4417594017114	3.25184268997406	7.78398535381899	6.40367603341625	8.68937470623782	6.96337389097945	6.27513041375732	8.06823903386916	5.36401873841291	8.19861224522576	5.404940706212	6.12574783247574	3.6006201067658	6.7116329543239	3.43607417406944	3.55333711148641	7.39050998194675	6.25988422495689	9.09810950364568	7.04071464800715	6.39605522699998	6.83039048936043	6.83357160264379	5.49619061655248	7.63880573807985	5.76586934347401	4.95451370462958	8.37114548477076	8.64516221267109	7.28677450338576	6.61510104745353	8.29483599111111	7.67858058205192	6.27196624333055	6.70026348310837	6.31284408734234	9.15453329398144	8.19813777911286	10.3018202393378	6.02909202025079	8.89743412255061	7.67449160971547	9.60700711667634	8.66585721670558	10.228458139118	7.85035308566159	5.97057981583642	5.05890240635155	10.1857995188309	12.2883	12.7908	16.4494
LCS_543	-442.943505956796	1786.48705234122	1343.54354638442	0.695124102726048	3.89871037487441	7.03119719162108	9.08428227440112	7.28864782263745	5.90134069305848	9.28386704415065	11.972826695904	7.34182630303489	8.05654645564694	7.32033350227347	7.98853258102065	4.74163572143513	11.3646199610379	5.64441112855488	3.8867652211398	5.03224478374139	5.7384992392416	6.96673163403904	5.86771714362232	10.6013232080246	6.75315254010711	3.71159486312787	6.39038281822223	6.3199353619625	9.38704210048583	6.87280650752102	5.57540898459977	9.68385291920648	8.01838289841816	6.76627273369677	3.33168865604641	7.97849604959384	5.81825255264377	9.53395256755737	5.69760020258422	6.68104393286297	8.87734412442719	5.65779819093335	6.36963944074649	4.74592744477544	5.92609423728872	3.62191758989332	6.77879013309504	3.62200476542796	10.4843302836042	11.6379499936506	6.95330413706558	8.93780795927694	10.6319473578223	7.05542145052464	7.48075083433706	6.52651960274135	5.48925501423988	5.60965293140945	6.43628483505846	4.88100528709286	8.06130946520238	8.75134535093386	7.05679390386271	6.70588692238369	7.86374890818334	7.25301457551946	5.79541332449554	5.3199216021598	6.79862252610524	7.48413752625158	7.63319788588253	9.56365615599575	6.55677797966815	8.6110894344181	7.91402266976091	9.64156332976248	8.21316347006291	9.85781440501856	7.81816593189184	6.08960906617502	5.42661433849855	9.5410316324032	17.47	22.3078	28.2274
LCS_544	-1768.41777608032	665.595646369296	-1102.82212971103	0.903424459292441	3.75143316574403	7.39354380596452	9.3648578146674	7.42857692854879	5.9241552444142	7.30579907798977	11.5592512105963	5.98314635678269	8.3399233609377	9.00220464497075	7.6837306335153	4.56810873375547	10.5035459906043	5.53832040379571	3.54895300429727	5.38531590432363	5.88344424976261	7.22000240905278	5.75342909579993	10.1133348042351	7.02161917094063	3.44160034561114	6.13630098995795	5.79576563770929	8.59110795179398	6.88071411126446	5.61387848774892	9.55085758458777	8.15546471093648	7.35225969243162	3.26869156349509	9.064398981712	5.82033109457651	8.58638633621732	5.99110703199455	6.46871447114317	8.99780828748921	4.65125038733141	7.8073070494811	5.18807873575719	5.728274485722	4.57131070495064	6.87514789157418	3.24831687456879	10.1075242040216	11.3393731457143	6.37330104888211	8.34602928267488	8.7394139566707	6.42571044496155	6.61886635971693	7.70695054623106	5.23251337753116	7.36513812385381	5.67511951947443	4.66955546624476	9.54039461444162	8.17096884383029	6.89951037670202	6.41090618742331	7.71049961698703	7.25813751321506	6.35788496527782	6.52287603439164	6.07824696419103	8.30366400881308	7.7515038236195	10.1960271686937	6.1100280483773	8.70366898506251	8.0191924342283	9.49911153685426	7.73225039193468	9.71930874917787	7.76192192160581	5.99566028495017	4.96866044810247	9.4250913573212	16.9959	19.3588	29.7837
LCS_545	-894.493605390053	1580.18230191996	685.68869652991	0.761197725217868	4.10815812136924	6.54583318854733	9.61964719720213	7.00433579775228	7.09243218534818	8.58852052697695	11.104815550001	7.94514627869938	7.93142650579465	6.09877370596243	7.32892082488179	4.48641326662719	10.0561819529907	5.67129523134042	3.75165780221349	5.73055329330145	6.11868546248342	6.60483213056472	5.78262267962223	10.755332631374	6.81743375141705	3.3192195263107	6.15882268505603	6.07521907882118	7.86259380872165	6.4852704802455	5.59174355618343	8.89723265971544	7.61647949859747	6.76853175836421	3.58396057438341	7.88666234182614	5.90273766662198	8.83900723803868	5.86827426441291	6.27785101232158	8.26422626648308	5.33797302370411	7.7183878174727	5.38243446879603	6.00872776147633	3.89249301837195	6.77557519330402	3.03310218906553	10.2569118867677	9.20777769835636	6.74303061463834	8.82973633091152	10.2362789180973	6.55122982784434	7.64606447123387	7.44312150003863	5.3454687269169	7.76975488248622	5.83074530126181	4.72364403452331	7.91151516294794	7.74381456315826	6.59263608038005	6.45606267817866	7.5176616993518	7.62310061693356	6.10596413752413	6.41130851171704	6.83200996172404	8.10098295280825	7.5318500971518	8.97124573815812	6.67722856260576	8.28486522143931	8.12173906038199	9.90943790393934	8.08778932778083	9.23522711845059	7.60299233282891	6.05828582477317	5.3585851746044	9.69703942151603	17.4977	23.3207	26.9742
LCS_546	-256.696376528105	834.987144963546	578.290768435441	0.771326480861476	4.15524415165874	4.92138779988983	9.07453785607731	6.86764589609316	5.80720423897938	3.36605193360166	7.77817983569547	7.55609922119644	6.16950146953021	6.29379706361007	7.10075624599789	4.73371496717997	5.70783249110769	5.97897509829518	3.60317656270106	5.39333975844621	5.88444330175105	6.70098840289013	5.21623131439847	5.46887121630457	5.5504026529778	3.67224722993859	6.30367941097819	4.97948549211302	6.48455029964748	6.59631668438967	5.86999396510552	9.43008435698106	6.53701488867329	5.99740739013686	4.74164569069842	5.74794490084532	5.30964941568782	7.88217297178314	6.81289208025157	5.86404510788048	5.99200455654972	3.95901868958397	6.00727794491381	6.01949630113471	5.90672967591776	3.39710388550273	6.28718602155576	3.08623348436495	5.1040384477029	8.28192949122709	6.86572132607262	3.72252871248809	8.34497413353097	7.10645507366038	7.57953406146127	7.08583145216229	5.4327973827363	7.14425228719727	5.31357524998162	4.66824422111966	7.99441600948079	7.39338442715327	7.05998701363657	6.52118495263942	8.19070942690931	6.28670750875402	6.40164669852498	6.28899246447645	6.89299229572018	8.05380605946671	8.03435025933673	9.62893718420152	6.00866490219954	7.93259178399593	7.23846279459277	8.70264067277555	7.75155170924121	9.74307972556507	7.56437642641138	5.57852838761188	5.20125303188635	10.2845930873285	16.8465	23.0044	28.4962
LCS_547	-658.284389976838	1388.69922242498	730.414832448137	0.756923637762204	4.47098424433949	5.42413930298432	8.95559251286304	7.67634670810659	6.30646589525134	7.67743006649486	10.130461600716	7.30949571948826	7.14493720219466	5.24051143011974	7.85078539798102	4.66256456606572	9.8470702419934	6.07653366465676	3.58052827708071	5.49069296867658	6.08319944941588	6.88898491692159	5.3884393636504	9.87491988328442	6.41587016155497	3.36786232065066	6.24100933817661	5.35518113822008	7.71379287077043	6.43132427747091	5.53525065287781	9.37259509649762	7.54696558469951	7.12957159294289	3.73056074452587	7.36506207632984	5.25049952741227	7.69761473239013	6.67363807143413	6.50024495765032	7.76954678316452	4.59702053151118	7.11734038701488	5.30137984578364	5.49830615882761	3.61671680422	6.69537664333301	2.96987001283098	9.80502435675275	8.07347923608138	6.6824705488687	7.6588265584381	10.0817038169358	6.99582617632673	7.29945715529846	7.69993058795492	5.20452042694928	6.32783006855755	5.42886169524495	4.48744537776568	7.2964227286248	7.78194427175604	6.63202590083271	6.32861005208404	8.48981510381375	7.01266820097548	6.61746220223432	6.54738388393835	6.59271850531879	7.6737451405976	7.81870273597904	9.11601619971503	6.18847910596971	8.78562383822379	7.15150052351249	9.95221721900547	7.82546178042562	9.48239162808952	7.85250317789899	6.31889283784709	4.83679583348154	9.73455328477369	16.1005	21.2512	24.8641
LCS_548	279.772042887333	3052.18030474733	3331.95234763466	0.458864839837542	3.61613773270705	7.58982994239488	8.74905506996975	7.12231912023079	6.13091305934697	6.81254745391653	11.6838027709838	5.8884260951753	8.75519544108797	7.34376495061771	7.46822383062097	4.25413781061495	10.2906015081062	5.56947777355121	3.54994721963068	5.35815008546328	5.6067315430443	6.70813702521431	5.87327429713389	10.609969504049	6.83814486192915	3.81620449417636	6.5498901853911	5.24985411699496	8.41025519332669	6.81274581384262	5.4696708855929	9.66022328801279	8.08847802818134	6.84415412783676	3.54083944508262	8.12863195093919	6.06580415702956	7.45006864185402	5.81461094220781	6.48008532145064	8.14990349472462	4.20524611951918	7.17605107904549	5.03794694252725	5.95329480504053	3.79409585610864	6.50470763851786	3.84260865502196	9.36927003763396	11.1893204394647	6.67619446604124	7.45060037084904	10.6137722597515	7.05145234425489	6.95483338537541	6.99622752720469	5.58758677683449	6.60092632533761	5.71150357135597	4.97172059883807	8.38027788255766	7.99373271247544	6.90301339251803	6.68838287482521	7.83700529339045	7.12304659260398	6.51489302407344	5.60450112309093	6.13448255071403	7.6321014973467	7.68555611833908	9.45971693672482	6.30707265918121	9.18282857241452	7.89740716689734	9.09124198286348	7.86230697334835	9.93639066113791	8.13884008505662	5.90313940335241	4.97011458424106	9.87614741910742	14.2945	23.1121	29.121
LCS_549	-679.27241256799	1344.65767212879	665.385259560799	0.763127131413909	4.55100091801691	6.76482677111321	8.22981191895415	7.49850842215748	6.13927336793992	7.23863163014079	8.87591433891157	7.07121618128947	7.31504143636731	7.50443641264091	8.17481405895373	4.50550510200405	8.73740393534649	5.72372957550648	3.70948654300375	4.9623857235756	5.91157428737902	7.33680194265759	5.75425641494153	9.79884171252583	6.78558219054991	3.73911231062027	6.72527392178992	5.67749860256543	8.43399395386862	6.72552505053846	5.52015322881225	9.28770609882122	7.69320278012085	7.3094553511735	3.89547207039213	7.6890065868676	5.49783856189655	8.14879227895357	6.35580661593944	6.24170760399441	7.44673935557498	4.70911282226928	7.9618222412046	4.32081381737451	5.79348628182901	3.37025169551545	5.94256070850285	2.99358649246815	6.59623601955705	8.60344835076186	6.70014807857982	7.96699138473485	9.22268758483961	6.82618603623264	7.5407580442145	7.57153434206057	5.72244530149533	5.49882423671943	5.90015761086293	4.74687073123051	7.51115828621214	8.76354104850598	7.13664747486466	6.87244786225482	8.29429551205391	7.50187566950495	6.13239173595044	5.83929898447862	6.7566377421794	7.89619112003087	8.37477187548979	9.9989639125593	5.85626159553265	9.40055763857685	6.94562742922256	9.40923739109077	7.99355210112659	9.61459206119689	7.30354476061594	5.69974906566842	5.35748835249994	10.6416818750169	15.6585	22.7271	27.2098
LCS_550	-926.21720202217	1097.997848259	171.780646236826	0.807908126279973	3.70470998683735	6.11014338639751	8.31398325951816	7.21532102012386	5.45880366815973	6.45344524018169	7.55539176734129	6.62168306850466	6.88731760923445	6.10795318192257	7.24231868024062	4.88709715354492	5.59870428114196	5.73523686559932	3.62989842925942	5.10710266164908	6.41309669599184	7.06925063784371	5.32728139501073	8.81054155073189	6.32449908434095	4.17448580400674	5.93265754185059	5.01816333697499	8.37536677876389	6.75006997652438	5.48312261366579	8.07646231525715	7.64103092295905	6.65658791057362	3.69964561285829	6.80440949934215	5.39963196820177	7.43512459361608	6.12688868302359	6.39743037537968	8.02319138986061	4.2401173695137	6.57675600209945	5.50740779594807	5.64603447579576	4.32876494009241	6.95481076255407	3.00090127694725	4.40876168333356	7.94982745187551	6.34198027377143	6.50343730076456	7.53473345159169	6.53631101581689	6.47760417064131	7.21796748313578	5.56803660985179	7.1382946843326	5.79775496739093	4.59728796413591	7.81873703308555	7.99757852449891	6.81242139168053	6.08186013698654	8.09590395890518	7.18178583622782	6.24209834724591	6.91304721517495	6.04514948997128	7.59062702532502	8.28014361067776	10.2943919508997	7.1051728245675	8.60151125314692	7.00937772926283	9.82954722574232	7.3693896040458	9.46264683784095	6.93413469320141	5.82119920660912	5.36488292234841	10.7627776750904	17.9167	20.805	28.92
LCS_551	885.332179694325	4283.1833521003	5168.51553179462	0.205653074782108	3.36364441238159	6.46043190301379	9.27141371233299	7.38947651258757	6.7443081265069	6.60903637948833	11.475605481518	6.06572552652505	7.38099117405967	6.64152981311528	7.41241832795339	4.32430055363353	8.34519601094985	5.32793705900348	3.41148207279141	5.08608963049115	5.89437184202689	6.7903929509612	6.42381252270124	9.42655726749705	6.49859715184933	3.29112852069632	5.78011065785381	5.21750541862982	7.87310680336141	6.7698011530777	5.62834746493818	8.92006718342694	8.18426377761004	6.5244198865256	4.16959488216067	7.21241471880966	5.85202663682546	7.50695829358193	6.09322120401632	6.65927431015446	8.51797136281693	4.28278008206919	6.96050700885904	5.25617735493664	5.7093509729602	3.59977045989662	6.65702182106185	3.07136386713485	6.24061143154042	9.35752422252141	6.85128839599363	7.48244068922228	10.1007231656216	6.85626720329678	6.48914351010731	7.50998717767174	4.97266597735382	5.79264550023802	5.24349126638997	4.77945030518131	8.88236825660508	7.74085137105858	6.67215131520635	6.02512108982572	7.57298520351792	7.6670577660402	6.3289669495922	6.50055096282419	6.12404236842706	7.47720319487448	7.99405311587256	9.47421699822329	6.89995177155292	9.24642505424723	7.56674218339896	9.82087397426714	7.60604791765015	9.69077986798135	7.82729113786244	5.87381168264386	4.62360748936362	10.5009192405703	14.9525	21.3856	29.6368
LCS_552	448.518530435538	1988.03634297334	2436.55487340888	0.571351062178	3.62907296108749	6.55680411577308	9.13970446247453	6.89577401009471	7.35179534967546	7.11493951537157	9.95975292687118	7.80531586131614	7.59983761845897	8.52872788745445	7.97490511207012	4.67099251592188	8.9789967056821	5.98634033779152	3.95277315017829	5.28174969388122	6.12591837031651	6.93546208261962	6.27921004056239	10.5609419896976	6.67242025873453	3.33972963866558	6.23040336273812	5.23747235505609	7.97427766770665	6.59956717994416	5.62184416046624	9.38653515597076	7.50220451218274	6.60223298905072	4.2909807106747	8.92583773412869	5.67864547627086	7.92953115441073	6.43253702904924	7.17798948525379	7.51264208499794	4.34496505936889	7.45986232438958	5.79953713734947	5.66444740778508	3.77295076386239	6.80634274855688	2.96013594933118	9.44484240534879	9.37898838736762	6.94264657622869	7.53140145160045	9.5436225917441	7.02083893191969	7.43511681764848	7.36403874679136	5.16531012136542	6.09374218290545	5.71356191734076	4.66482091203285	7.88420252927213	7.99925223783486	6.71108770466697	6.45856905043721	8.32532687538679	6.66274689505764	6.75457196473074	5.82656977023437	6.81379050698686	7.80824542517127	7.86971916469655	9.30160412999013	6.22385222904887	8.9712545967866	7.10119088307971	9.6218783793008	8.17158868626389	10.0315391425319	7.88343085002179	6.10906364702559	4.98494242187979	10.1277617785899	16.4164	20.9564	21.686
LCS_553	-765.244071148196	1182.35506205567	417.110990907474	0.786166936955717	4.59842511832084	6.14746311490574	8.93458519638443	7.67066485387896	7.70523912804951	5.28882693845709	11.3083261908189	7.64261188897933	7.56932683746379	7.7152001729852	7.38539864152711	4.87415219514138	10.5610837534401	5.39006815449336	3.82488398928374	5.46906356066869	6.5128912376996	7.41478708580684	5.47284292103155	9.42056366765662	6.50224069493568	3.52728732159522	6.13711303976739	5.11568472124414	7.99841758956366	6.98256251169984	6.06929559335231	8.99208835738032	7.17200377023154	6.8296105394238	3.77125802126211	8.23141537466689	5.5226418063166	9.10582459832002	5.71535796693621	7.11630847403181	7.96621921707447	4.11362714360776	6.72876089182327	4.75690363778789	5.76204868282497	3.31798608082104	6.40535535243809	3.01841715173231	10.1147190999345	9.66604812597875	6.70155211170411	5.62013036317673	10.3115194588011	6.65665903483189	7.27522077440972	7.00450726746907	5.34123998474315	6.5047654954225	5.78285578342967	4.62398482504433	7.68387975955567	7.5600446947663	6.2745107592611	6.4048412822773	7.80623122938253	7.56656831131313	5.995904596548	5.93387879004085	6.59219619091148	8.44408659766684	7.54400567202395	9.74175602155492	5.74776188013115	6.90490519335973	8.20766605239525	9.29779842659277	8.00689281482	10.0124372425751	7.64152368178958	5.66945059274974	5.20299119568318	9.49067946538539	18.9615	21.9877	26.07
LCS_557	-731.070028069615	2540.34282216622	1809.2727940966	0.644392717031367	3.67258071617955	4.88568478581998	7.48697778519023	6.84188858014896	6.11670671278601	3.65327905127734	5.35985408212074	7.65953331661157	8.36336174165342	6.42352851033606	7.728595684454	4.68645698701328	4.67910436290772	5.76661242956271	3.241502268307	4.59708692638824	6.34176960786881	6.8214161325619	6.23436643408531	3.88295426058646	6.16573467476459	2.9897074524129	6.11448149666617	4.62893900721544	6.49095471825531	6.98850819222125	5.71581608214841	8.5932026937389	7.13948697620202	5.26524287930896	5.56150443747027	4.88604670051501	6.41982436488835	5.27344830037797	5.8480894273304	5.94773110059169	5.90593806374802	3.943457846823	7.09594514034245	4.65990880503924	6.0665601341122	3.84556521627047	7.26289638156849	3.16835531553173	4.32260342919218	4.45041976404227	6.73008527826472	3.84298249271906	4.26072943835726	6.62513516323341	7.35546431213178	6.88128038210871	5.17447476568752	5.37525149796061	5.585561647806	4.9630322622841	8.90921859480505	7.13821858985238	6.68150152003687	6.29847591757463	7.67558500661526	7.69456931813733	7.21713807227296	5.77230675646671	6.76874521681857	7.49403504366516	7.91732764402792	9.75603352757641	6.5410509882391	7.45368700796577	6.99185464755381	10.0337666259547	8.2699411583697	9.2297512881624	7.44990175882402	6.40549681974651	5.29119916669858	9.68583674969071	15.3134	21.2686	23.4717
LCS_558	-735.535888804043	1261.00005828588	525.464169481838	0.776238406216948	3.38835204246286	7.35781205610395	9.65212486486768	7.72796252029101	7.21804387283088	9.62747127874026	12.063298924441	6.12519100638209	9.28293982845543	8.5136077203558	8.14786534667292	7.11759153574853	11.4632895560853	5.61890851591689	3.81041345896077	4.93166772595716	6.68203106548182	7.49028480438956	8.38952504042241	10.759983473148	6.77865743324535	3.37053118160043	6.09744060291688	6.00875958771854	8.97646804929489	7.14045418701065	6.08111971404908	9.80367744336938	8.0664287100488	6.22256259879066	3.53525332131073	8.71947705081952	6.69542510936474	9.63408883394333	5.66219056299867	6.88930984404309	9.68136005543973	5.63142008512268	8.32094800033064	6.75950046729732	6.02770316056964	3.55363523793749	6.48874287037779	3.44555136344767	11.0421090335962	11.8618960470512	6.61988432400345	8.62703785683874	10.7718059335787	6.59537931925718	6.52591991810573	6.78866102452145	5.24500367526888	8.07456542643711	6.5972854899647	5.28070170866602	8.20241241012453	8.66607941962339	7.78936750913574	6.29278628058909	8.31315252741728	7.7633191015096	6.08831036253413	5.90132155525651	6.07167795834387	7.59034086197804	7.73936230673993	9.8898208381513	6.5783186381468	8.63045197306964	7.74818512385188	9.8031531905825	8.20338858738689	9.94485524324199	7.96313337079013	5.79719396760421	5.20288274041009	10.1564637394347	16.6956	22.5587	30.2952
LCS_559	-732.541401862142	2120.11861844145	1387.57721657931	0.690462975667497	3.53285842098556	6.59038067539665	8.5067185444573	7.77171833392366	5.81137540446314	7.14657402412217	11.1831891094041	8.09354208143124	7.08708339892063	7.56941432010302	7.83259579930433	4.49881065061468	10.5530049932813	5.62552624141635	3.52493525126107	5.99541520926422	6.99385484698822	7.28510352804805	5.2949848171129	10.2574664902244	6.30830920756115	3.43494561228499	6.10319785733618	5.29367415909655	8.85927580431559	6.95130247750669	5.2297654430052	8.52788393061931	7.52862359597047	6.75572778324232	3.44068622351163	7.61356795829364	5.4094201073005	9.37018874019227	6.43785270853103	6.73764831064918	8.84439989974338	4.46807284815906	7.73828945190464	6.21176804763016	6.13790852600891	3.90812607085712	6.21111781614633	3.16776444013751	10.9157471724309	9.53110122454948	6.63121941717011	7.61599194796335	10.4684915888782	6.54346110817192	7.57634596848895	7.09697753180086	5.27781550858536	7.47883953913323	5.84728154152575	4.479058673991	7.72971427694891	7.48477113371669	7.16541677400216	6.40994710532941	8.35683789278342	7.5987659450158	6.58919163636993	6.03233683754879	6.71041459255269	7.77360116182004	8.18311837716993	9.96751801005972	6.51231396902174	9.00039936570022	7.85600690949479	9.83825106638242	8.30035517530931	9.91896868026983	7.09535519230084	5.60737353044104	5.04626410094539	10.3608888152164	17.7415	23.1646	27.6192
LCS_560	1050.79795802234	2769.14090380943	3819.93886183177	0.394098179795824	3.36246616480525	7.160054709917	8.82958846385444	7.07746083584371	6.65900777984937	8.38684517128236	11.6921837911495	6.89723415076983	7.53546211051893	6.51203325277846	7.83838536352253	4.58892355186601	11.3954537948229	5.33424190344853	3.92366343991887	5.30216058316718	5.6501919099432	7.08994344412019	5.54623956031474	10.3092129508931	6.45078252342523	3.807580367653	6.56050005888954	5.79653323097161	9.01596774009046	6.76132454912549	5.54013644667597	9.11376309194336	7.8963992166025	6.33230338480131	4.12843333917303	7.87350558915379	5.63487139919746	9.1651383005238	5.89681339360626	6.62621384354015	8.02204354894909	4.98234855564936	6.6272872022459	5.33363407288545	5.71822258518841	3.84965688827098	6.724955216806	3.00533865456519	11.3316704384272	11.331244806963	6.89150886737668	8.18737222062037	10.4246400214719	7.33914834610461	7.3528811322172	6.84185365743575	5.47980114231296	6.15045826709725	6.58802255854358	4.62219833869527	8.12657696027997	8.63599055348055	6.99348709475694	6.65655823409094	7.64957988222872	7.41941025632838	6.03373852510223	5.33658443783874	6.6408995759138	7.70278102747242	7.67690654289735	9.33399142449294	6.46875958941342	8.70088016037229	7.76440955777641	9.14391607990703	8.16637581907566	9.61641713266967	7.39251090701001	6.199374082389	4.79974850148184	9.46260282537708	13.5861	21.8846	27.1869
LCS_562	367.888319374694	2390.97516011786	2758.86347949255	0.531897678495312	3.77428817988028	7.28746129992142	8.73130854372206	7.33429376032446	6.62693359226833	8.5312114379045	10.6341117207605	6.10805341260359	8.98961656003819	6.58949664904144	8.14677428369849	4.40365796473177	10.4931539007871	5.48683270072252	3.46688973574716	5.03555052429968	5.57778845128882	6.87493745331	8.11724934247627	9.57114018904912	6.44441100577332	3.56957792719828	6.37487792157697	5.6341674096131	8.96774873841697	6.76711202362644	5.75393824414715	10.0584313954493	8.94491291962568	7.27643915988278	3.9096713345272	7.58793618912272	6.37859235482813	7.9822611306985	6.46094926931866	6.63780584685026	9.33275395014764	4.72289965656563	7.18628329990926	6.08279417391933	5.86544361522744	3.68490856929357	6.28213075301897	2.94755184910007	7.08631416325989	10.2366940928854	6.67260401791327	8.16380415299414	9.36449325116566	6.64335705403304	6.83289097254682	7.2595488758081	5.36522086354754	6.16739510629495	6.44997872970834	5.08417835708799	8.11863001396636	8.71738373439572	7.17743107843611	6.46102517383681	8.19847263902216	6.94503626782141	5.96203539735845	6.74571423634958	6.04671618279596	7.71375558411884	8.11296115041417	9.61958977694597	6.83864179853381	9.7311733450091	7.96262457663862	9.40923257073385	8.19854014994095	9.93120176925098	7.60633743159643	5.78503652184424	5.041033415391	10.2325789272011	12.2883	20.2676	25.4114
LCS_563	-1069.90207138095	1396.7756889601	326.873617579149	0.79428382385009	3.52685823638291	6.67007115036702	8.46109522490586	7.33739439230885	5.85802847132087	8.34773008835606	10.7629622489084	7.31870534025764	8.21625557666331	8.30780932987932	7.85500879498992	4.52668081563974	9.24120456624617	5.55873812217718	3.82892065974766	4.49385410687418	5.61071983576243	7.54108981551146	6.72432681471312	9.55086282992062	6.59256822447156	3.22583733152098	6.13998118951336	5.55336564995982	9.46761138186982	7.05979080411997	5.26113125399369	9.18068748023011	8.22751480851511	8.02579281371934	3.40387113809501	9.0309860221901	5.8807845605121	8.50567264202377	6.1506101815377	7.152977191822	8.96440217800067	4.78718848020392	7.77508393496568	6.30788561869661	6.15162120632697	3.45787948116366	6.01382067365768	3.26303025203158	6.54161343971933	10.5575475714084	6.5596740435402	7.83411153503995	9.36087992797888	6.48284553154388	7.11530520475231	6.99147585288758	5.19704113805243	6.89478981663259	6.09866324634733	4.79357291058661	7.96101606695934	8.02695184637265	6.87763866917563	6.21026351326262	8.679753224368	6.68128226594918	6.46824072822018	6.89496623337521	6.45521088344593	7.84293662820177	8.03202948603644	10.2576268188965	6.71244299022055	9.47591969060116	7.48355238122689	9.99531120710743	8.05863570281739	10.3316696758898	6.95811254453307	5.92399923807402	4.97396856737804	10.1295987894253	16.7528	21.6374	28.5179
LCS_564	-1358.85888056846	682.042223387104	-676.816657181351	0.874865449130554	3.87816563787723	6.62291329166051	9.21527679314068	6.75750141570194	6.94739846170105	7.23384189204546	11.3065144306751	6.41418259281825	5.84880514941791	6.12996165324565	7.55214516927344	4.43831433578574	10.816415277206	5.64228385985856	3.6645002876435	4.78347908194528	6.09531405669719	7.07942378157543	5.08440540009367	10.2990360090516	5.84129606515666	3.70720557663261	6.24092229553943	5.45007584992562	8.35283631623707	6.94350890675165	6.11365244469311	8.90508707400025	8.04438288387416	6.51142179127575	3.42035990139744	7.97886451469503	5.13981958618896	8.64109722537868	5.94633100693091	6.23303707080088	8.79860271910598	4.5942525250581	6.85876868770621	3.79077923823972	5.39260252932992	3.56836969315532	6.06012226271983	3.28455932439239	10.8653808609907	11.1303047315427	6.49789018323473	7.79236464584083	10.0649308711432	6.49649851452808	6.78210080684742	7.72894274290499	5.48656351110691	7.99960176978995	5.80307916871467	4.42179119725013	8.37065281849131	8.23474517319102	6.85349056889381	6.44994179194762	8.13663808626699	7.84835593219924	5.77955698216294	6.44148765474266	6.13321773642114	8.00703791527788	8.18074742330515	9.68121413434645	6.30088474329127	8.78197930290339	8.3757969660194	8.77490438964609	7.81225551485778	10.1879181071132	7.13945273261214	5.48565360780293	5.26859900660871	10.2651087211808	16.3401	20.1773	26.5846
LCS_565	-308.672207292931	1711.5607977257	1402.88859043277	0.688835440953126	3.91240469843705	6.59543902471969	8.72831263349843	7.35202326688757	5.84185061673163	8.52232346311514	11.7901628164554	7.05764336352794	7.72660721181734	5.86921837906079	7.60001759808436	4.7585475065083	11.2197566486347	5.83447636865123	3.94308002133656	4.99757326725417	5.83584033274764	6.63470461682972	5.63910985848835	10.2186256620726	6.65543434459941	3.97331925614144	6.45236022504836	6.13751452639941	8.74596365617018	6.5517482376835	5.25100173587924	8.81023938030574	7.48964752954434	6.4006322952866	3.51238266078841	6.78933613076854	5.82969907503588	9.20983358500225	5.8116856663008	6.65305116771416	8.63316576806592	5.49008922044078	6.15800349204088	4.69940225649661	5.83539024969296	3.85086714280436	6.29934920615077	3.23456389835131	10.5594655556566	11.3337009573422	6.96906380165503	8.57987136040768	10.3719571296402	7.19474989265194	7.22010118427509	6.403935543944	5.88353464560056	5.95452447254688	6.6072158808562	4.80331136410191	7.73273215419983	8.38052147539556	6.50612037866404	6.64066304168104	7.47259975266227	7.08231345112956	5.81470669283951	5.41650457743267	6.77302617394806	7.44794203576717	7.66262811126093	9.39207857318766	6.88082126774113	8.51475084428863	7.97508091512816	9.34620454366596	8.11068463459767	9.15895799594917	7.31769132982972	5.84955063620548	5.73370023612954	9.35429738563964	18.6223	20.524	26.4929
LCS_566	1032.81237406442	2891.97260970668	3924.7849837711	0.379907425827753	3.67290658591192	6.66940592225702	8.98837566099243	6.93728009459511	6.39402381019205	8.45220923877246	10.942401003496	6.25567902794512	7.93465513917901	7.37850021912216	8.16937001036791	4.79392686501848	9.3656211400163	5.73298659723568	4.11468321153865	5.23995965667818	5.91802189639635	7.03462910752543	5.71783295036132	9.39997329604683	6.45694659195423	3.59900424955979	6.39113001103734	5.99677285245614	8.69136878875616	7.05697572598693	5.33236250851298	9.29652869904286	7.80002506934016	6.99484100098022	4.18851360279404	8.29462266105855	5.81746244182412	7.5939895818851	6.32372877745639	6.25158038914549	8.60698558413417	4.96637361373635	6.90780688739334	5.43738365022075	6.04477672848597	3.61770136725127	6.39252864351939	3.71027595911667	8.91595000151014	10.220671943448	7.13405204508412	8.62193015558998	9.29027473275569	7.41015598589538	7.05510160333447	6.74461901938047	5.42514777821617	6.14237049980358	5.77097940224969	4.89071893850298	8.04325022592391	8.38144496408476	6.87391367055826	6.64413822202011	8.21596005691128	6.80932396375674	6.3449886824585	5.76575072051122	6.36334372651349	7.45968913426927	8.04021382596418	10.0294793267977	6.09765490637739	8.80834339190868	7.38945038982038	9.31891224096023	8.24312879831061	9.97285493135003	7.79712780719016	5.65492246021814	5.34935957335388	9.93287112592133	16.799	21.629	26.5355
LCS_567	200.288120444856	2361.8775291651	2562.16564960996	0.556122460814873	3.89237482749587	5.9662940220389	7.85370341284977	6.27747042539287	6.63993670007217	4.52434961210639	9.94527301274949	6.6183007089152	6.08122795344373	6.85812878675177	8.03151707845571	4.73005146773683	8.86497516293145	5.97307717325694	3.88641221976239	5.14892926008602	5.64889595540664	6.67273109616252	5.26399604601839	8.15823962401398	5.95443855525289	4.13808622540872	6.39870951697644	4.98131115243196	7.51530176345046	6.76766395117454	5.42451634176243	8.60802889967787	6.95749524218793	5.86943309390848	5.58474533160535	6.94926637788142	5.18561949245636	6.6853444685738	6.63896081505043	5.90486332197331	6.48626274128463	4.23532912304567	5.5494838371942	6.06847044104938	5.66348230218255	3.66386839582648	6.21983260085771	3.01496843851366	9.25896811934203	9.42683384170189	8.07096006722276	5.08685556367569	7.91345911154546	7.23253450860047	7.10579088279322	6.79367892242386	5.47271834452517	5.5346124985528	5.87297140255048	4.68934784832168	7.61168477685789	7.59339694049262	6.68252598823778	6.57857433451819	8.11918905618352	6.71865020048823	6.24305742976115	5.51458510026625	6.23019389538698	7.10408622091376	7.91760224488289	9.01013106784301	6.18805651945639	8.99708528043005	6.83263004878534	8.70501245879559	8.17179388440894	9.70263321578665	7.08378897047657	5.729460076939	5.66237567122922	9.74456923128342	17.8281	17.9976	22.1954
LCS_584	-1919.20859057219	1011.19536340005	-908.013227172137	0.890796460581212	3.33106824619551	7.09143128824524	9.48960193789628	6.94225601503818	5.29202389889759	9.21626573618245	7.98230632488582	7.40929964385232	8.25927528875351	8.84277188674112	7.26977796631115	4.54406258050031	4.10126051596269	5.48770939571523	3.76449268088222	5.20526492927068	6.84094251573544	7.0557613650373	6.48331293099932	6.18544892282507	6.15342345338182	3.64558194669709	6.13884147892714	6.06514914346054	8.30913957375965	7.06025149568375	7.00071820718646	9.01849068324385	6.67792958281437	8.24060418889421	4.46974494894225	6.95404679304327	5.88181142335554	7.14924074588684	7.02667827550884	5.91461673446972	7.11276314091328	5.71028524277301	9.32581874288339	6.25420970692274	5.45677711000944	4.03827796302515	6.3285080995521	2.90327984168981	9.2007381180219	10.3617781656923	6.23631344575533	9.19088178244502	7.56819437667735	6.41474439606376	7.30364750387667	6.583776595851	5.48161508595072	8.32086475628152	5.36373956621053	4.79492990304066	10.2313993450878	8.05969907841392	7.79476365952934	6.20687314013757	8.81489595530403	7.15246230251901	7.17502801894412	6.38498085383911	6.72319350743207	8.9249618615406	8.28866079353682	11.0652129345458	6.78489002959691	8.34202287888118	7.12577369635133	9.42976663441453	8.06973493453343	10.2136453919766	7.34102222830843	5.93353060407706	4.77915014234577	10.6479067224514	17.0624	22.7106	27.9486
