ID	StromalScore_mic	ImmuneScore_mic	ESTIMATEScore_mic	TumorPurity_mic	UGT1A1_RNA	UGT2B4_RNA	UGT2B28_RNA	SLC35D1_RNA	UGT2B11_RNA	UGT2B17_RNA	UGT2B10_RNA	UGT3A1_RNA	UGT2B7_RNA	UGT2A3_RNA	UGT3A2_RNA	UGT2B15_RNA	UGDH_RNA	EXT2_RNA	UXS1_RNA	CHPF2_RNA	ALG5_RNA	HAS3_RNA	CHPF_RNA	CSGALNACT2_RNA	CHSY1_RNA	EXT1_RNA	B3GAT2_RNA	B3GAT3_RNA	CSGALNACT1_RNA	HAS2_RNA	CHSY3_RNA	HAS1_RNA	B3GAT1_RNA	Uridine 5'-diphosphate_upmeta	meta
LCS_501	-470.672697732706	2080.42831690595	1609.75561917325	0.666508648918248	7.6396517653696	9.20166654140981	5.19745564378536	7.71498500585254	5.5130458699833	6.43299410979297	8.25782670710919	4.44743208993888	8.04990419345032	6.65997238827114	3.65430170566672	7.99202848594897	9.20668493178514	7.39315448402907	6.53861313913871	6.21055903671721	5.38636181741679	5.70155397050969	5.96807238355555	7.5372384749652	6.88662914485294	8.160800499243	4.56130264893145	6.29914291923809	5.29296104629801	4.33953089292016	4.65419995004449	5.32397724699511	5.3966505209365	18.6456	17.2966
LCS_502	673.077446092575	3014.57890163221	3687.65634772478	0.411868810235354	9.01458580975572	10.78028312333	6.23972553271378	7.82300989370304	6.49403063365929	9.05436882856727	9.83547623446902	5.36096541259092	9.19730756436	7.13065701047238	3.64735439916421	10.8438600828856	10.5872198244473	7.02229197661765	5.9533570525234	6.2097487262079	5.16945393751856	5.91922162503982	6.00472272689025	7.20309363515531	6.88865072212981	9.56904026017399	4.715717521156	6.31438939347669	5.76410109644189	4.44928313218097	5.17254667096657	5.97541350777121	5.79334816865742	18.5672	18.3784
LCS_503	55.3353111621776	2519.74071297875	2575.07602414093	0.55454645047659	9.50835264394393	11.1202746139781	6.78260449758889	8.7604287936292	6.36198404822856	9.09112181726831	10.4124240543689	6.53033293502241	10.5209439924542	5.33939079273089	3.70537475861539	10.9482594408235	10.8825844829438	6.72322713915112	5.67076508028101	6.32604478406175	5.34899852409749	5.95782681403839	5.91252911700491	6.59405149888912	6.47211867752497	7.9634821553546	4.90961960805446	6.26852828408404	5.46473883198182	3.96215576036575	4.97023053006517	5.85445510043257	5.78351982922089	16.9824	10.9936
LCS_504	-382.683021806808	2128.26656484136	1745.58354303455	0.651513464005902	8.63699240826631	9.67357178977956	5.87547862442315	8.08224202180559	5.49588480432299	8.34225535675739	9.88317158273841	6.03076876342485	9.42823682350603	5.91748703354175	3.68616415780547	10.393006447587	9.65066704630271	6.84150346019626	5.61945944647848	6.19941882554149	5.41307932030493	5.99883629785344	5.99265601287097	6.76546647505438	6.45872915856016	8.22515051328509	4.74830982457894	6.22055527759677	5.03767941677407	4.21696127658464	5.02610934680445	6.04125540673148	5.79420630622659	18.4569	13.4932
LCS_505	-1042.7325046965	1740.562055554	697.829550857494	0.760040766057954	7.76741775280678	8.20288373312272	4.49017043055296	8.58985946556002	4.11312916083855	5.29790511743044	7.00826330340555	4.56302629686593	7.25974971406516	6.95561102201765	3.60227125987211	5.73528913510541	10.3308475078224	6.74076764242853	6.07035057046403	6.10847107374922	5.64166334905608	5.94996723680262	5.67158606546814	6.54341997558071	6.00322545981454	8.50627926300269	4.84103764350123	6.30246577341887	5.27966696288993	4.13399308298044	4.81778208165764	5.91507798787196	5.7301193852525	18.6996	15.9465
LCS_506	31.9338250645928	2258.86726124236	2290.80108630695	0.588777932623808	8.57679577082646	10.7539698111127	5.86126205816656	7.9863773917552	6.40512924657835	8.52161238309596	8.27969396393159	4.71964696855399	9.11905705331878	6.55640630863091	4.74046248533497	10.312147948415	10.7287725347112	6.81624442758064	6.00301225908268	6.07195924607285	5.55214717109326	5.95809279734998	5.84938792690647	6.84609766463663	6.24390218103518	7.59022165739866	4.7127903824105	6.30289875925838	5.19745614268878	4.12380008800249	5.12384788150252	5.84615305663726	5.71842818648205	17.1441	13.3123
LCS_507	-76.5914269340714	1839.28608248695	1762.69465555288	0.649605932443747	9.32976321224321	10.3976770537461	6.10263218920405	8.78749646603773	6.02540845747588	8.96728931128574	10.2378118781644	6.11622117843584	9.93347279131521	6.99605139652151	3.39373616762935	10.7116986282409	10.6410511891866	7.13668405016434	6.00703875283643	6.04224889795165	6.03585243822302	5.61138966000934	5.63503115457032	7.6017655797131	6.60431643718173	8.97294924952873	4.47375884839134	6.04658101929204	5.63475306255047	3.84901585483758	4.72370882907909	5.34496873547132	5.566034896064	18.1068	16.6946
LCS_508	-2357.11879390502	7.43541463960941	-2349.68337926541	0.966369167370311	9.39328129416181	10.6369587226831	6.79970009369067	7.60481796037748	6.85063230795363	8.29698269155553	9.37577499081626	4.69451407335553	9.2206822139736	7.44910599553734	3.23298873361621	10.0311837114716	11.8830799681327	7.4243724279182	5.92343729560695	6.08516875831274	5.42257479757909	5.99075728081342	5.68136310905576	6.6313178712019	5.87604691278851	8.64917572720179	4.87277687204115	6.09757767437481	4.7677048372179	3.96896435095008	4.5361643567066	5.72983703217731	5.67311414735636	17.258	10.9936
LCS_509	432.421691219434	3470.01141456103	3902.43310578047	0.38294037764497	9.48845105273877	10.4461506469239	4.66052806139627	6.96387634612894	4.78760457362822	7.05295872684074	4.89735817921127	4.24625730930778	7.66517315825496	6.55229087708085	3.21067390228306	8.83273108974296	10.6052823511133	7.29946757003694	6.73558994548622	6.69188879608495	5.35463175562122	5.67100508832513	5.30367117793362	6.93969356987325	6.85061229884815	7.56330936148898	4.60612405072205	6.465216623363	5.08233629043149	3.98725756998869	4.73097826755306	5.36247891348129	5.42917082974955	16.5865	12.7372
LCS_510	-1933.48920743981	413.682760319663	-1519.80644712015	0.927959237567297	7.79150029696036	9.68803196969585	5.97974737482986	7.89796845171716	6.94234755866508	6.05369836448056	8.24408590490207	7.19769148305583	8.68943995809568	5.87764532098925	3.99732453782307	6.98904949547858	10.0920442860932	6.98560745742987	6.24099158100348	6.13305799668765	5.45561955613946	5.94207021572155	5.80685463073258	6.5457829888163	5.47201199153332	7.97642327756636	4.9004628971648	6.12621213999099	5.09403422972497	3.93218463592991	4.64942592308207	5.91864914413755	5.68620871655822	16.5953	15.9465
LCS_511	-747.168870623609	2837.62519011353	2090.45631948992	0.612290490488028	5.88322960907451	9.30656192340355	5.55586230628359	7.19670388085556	5.81768140690065	5.78568166660901	8.71170878193028	4.71208786295562	8.2476022748988	8.32790287166953	3.40406451948421	6.5964236518886	10.5237405398079	7.36177381708184	6.61606054024691	6.46693248403403	5.65237247353844	5.74086045577486	5.98900671309401	6.83453071878211	6.66943087653504	9.076891169333	4.75009465641487	6.22924750871859	4.99756493533907	3.94721845919158	4.59194319082322	5.5433894242781	5.54575350060636	16.7893	17.4948
LCS_512	-1438.32455062577	1483.71956840484	45.3950177790673	0.818701290036842	8.95256695699036	10.4833319514023	6.51443320501015	8.16171160330954	6.75683439970634	7.5644330673366	10.0469794807763	6.24642530700872	9.91621433635611	6.85683154938061	3.68327262670563	9.17861551753804	10.4595307906806	6.94794412254189	5.95960966706325	6.54983234916952	5.47844969011659	6.08413651416306	6.10995752545432	6.5667390855809	6.35137873654025	7.95441066693435	4.96852159177004	6.48652071786438	4.96454072958094	3.89888884068441	4.7954018326025	5.96925958051999	5.71254296840256	14.3777	14.8708
LCS_513	-1114.92092951233	1515.53941761458	400.618488102249	0.787660787287152	5.80922720004924	9.54244443906511	5.41747006360106	7.32212103294206	5.48344582387033	8.10253682957821	6.98205181874881	4.61340874167553	8.97974476912342	7.60200969631615	3.67870595571656	9.976799321289	10.3418833015449	6.61435062889825	6.19865501082709	6.29141833584115	5.27928949156097	6.12653106914409	6.38516650629696	6.70397552614185	6.23441250377684	8.7509831093947	4.93697562919022	6.38432961816314	5.12581292340967	4.08633290133738	5.05180979051408	6.09288205219102	6.38269178121973	10.1111	10.9936
LCS_514	-1843.02128116645	-95.5286535184085	-1938.54993468486	0.949099890773949	8.93616002864583	10.9832088973949	6.28597650995537	9.28817556162515	6.03048737902474	9.15575973664196	9.7435843103129	4.56546198729018	9.83899483782534	6.55287589408439	3.37291217297	10.9715371467346	9.52026565010725	6.83007809523277	5.80333732756131	6.13089147799877	5.68816103989934	6.03291091027603	6.24790743385425	6.62986932178162	5.98008675281147	8.86420213442268	4.8646144094842	6.2312135385085	5.04235522513024	3.96045766142973	4.77964571041842	5.69897925327944	5.68457263441514	10.1111	10.9936
LCS_515	-337.529136913069	1886.7433412681	1549.21420435503	0.673107311739951	7.34367327211747	10.1643883444281	5.06677886315899	7.38958833537247	5.37796406007921	7.75239967030317	7.94273113541405	4.99499952094284	8.28194148311178	6.67572069841896	3.7510050817349	9.67022397868618	9.79817907172875	6.97933260144237	6.25266933889676	5.91529249963636	5.64262260270258	6.0682998326628	6.01023285895244	6.85373299660643	6.84718556506937	9.13474391292542	4.67795418081331	6.26726217713788	5.37904048598747	4.15201133918286	4.83291691153582	5.84104187188457	5.58842365929997	18.814	18.0683
LCS_516	-1496.26422088716	391.706039614699	-1104.55818127246	0.903533688588042	9.69689440115942	10.9322321977984	6.97557913471454	9.42307001143135	7.06150864212347	9.5769218626345	11.1708010313698	6.38602028299187	10.4810487818186	4.41801300745913	3.55731010967495	11.4961301353138	10.2871519100638	7.1573885405637	6.01481502397943	6.20088767441829	5.68329576413609	5.7747472423634	5.66446643831252	6.82806239039405	5.84765382310667	8.02329903041309	4.84217857809602	5.91445223789645	5.23579091658517	3.70552787916017	5.07875323801273	5.8338621573202	5.50769697363596	15.9404	10.9936
LCS_517	-814.740814285405	1942.36460270668	1127.62378842127	0.717556039365337	8.78287953842777	11.8027576428997	6.66323938734184	7.69655328376203	6.88430375022168	10.2711350078011	10.2642721233299	5.79107599297501	10.0057895423016	4.86424332084129	3.9795832282447	12.0063629681295	11.0479541872327	6.89221380583949	6.23066428099104	6.01847824011254	5.31496072801881	6.12864743043511	6.28792710325574	6.53970161093925	5.87635257072004	8.94935489537736	4.72872826198724	6.07745835627352	4.82203360912489	4.07667515229887	4.82051963381564	5.81678340274	5.74708472676375	16.8504	10.9936
LCS_518	-170.056475920447	2055.63108749102	1885.57461157057	0.635787728125185	8.41995460613075	9.73016013806651	5.61289254487652	8.00547988418867	5.6725553207118	6.81039049719431	9.37510722714419	4.81442144269429	8.76618372617134	6.46533035425306	3.30101714822862	8.41696181965504	10.2377986056599	6.8189240018975	6.41320405760777	6.26700733665007	5.88515905010214	5.96807983793247	6.13700793579681	6.76416850791193	6.65533441675673	7.97074571031235	4.63035319481937	6.22691152958491	7.7504302533801	4.57212621518683	5.13712495751268	5.6599164046864	5.44197813224569	10.1111	10.9936
LCS_519	-448.069378761734	1557.41726553608	1109.34788677435	0.719421950979402	9.05002776614926	10.8926390090901	6.04477303804297	8.55773128786665	6.69408117655353	9.39339135431	9.17291212434412	6.19661485319951	9.02640102042909	8.15107812355221	3.38793335103013	11.1128227607146	11.6637569124286	7.45310095291412	6.40193468854317	6.4080088108042	5.44066002446706	5.80686836608451	5.65165514774709	7.1421496741958	7.19713327281312	10.242059184244	4.61737849895388	6.02128012854308	5.49867437922513	3.759545242333	4.80879947004207	5.42124010453212	6.27716895746683	14.8639	10.9936
LCS_520	-1536.51292492728	1996.73102208341	460.218097156136	0.782240663567048	8.91357289649574	10.2570250870497	6.15370698469095	7.67187622876986	7.18877266307045	6.96838676956786	10.0005085647039	7.67442342018655	9.70724215770791	4.48563100874074	4.10780128408763	8.12897232831388	10.993435237147	7.04571352878719	5.82161096682245	6.32612827095697	5.10910275764754	5.89336065322863	5.90879995804129	6.60446576566715	6.18249906430231	7.44280575690976	4.67928555611199	6.23386832416795	5.07801849771277	3.90097662416505	4.59312970747639	5.62695658133798	5.59913668923724	18.3131	17.3187
LCS_524	-129.243492455974	1304.92145980273	1175.67796734676	0.712625254396935	7.7646983046263	9.45710847098547	5.45331728012984	8.47614689242341	5.30377790798679	7.57726284786363	8.90050872360472	5.02969517611418	8.785884514546	6.45682958966606	3.26982472822082	9.42693564779453	9.85583087413696	7.06793198062246	6.32839731049853	6.22559515866512	5.74284053327173	5.97670989274572	6.41825875254176	7.55178987670878	6.7034226388288	8.26400809427711	4.63373525789043	6.32590008185388	5.77058200471669	4.10561700040227	4.71871466471948	5.82614228790567	5.76208925933702	18.0423	17.876
LCS_525	-986.465069122892	1103.26123194575	116.796162822854	0.812638118520169	8.96597548534879	9.62556125052478	5.90517239620951	8.62986050552533	5.59939053058658	7.66283723896855	9.722518960444	6.44199972870429	10.1463760285663	4.01601516026799	3.44437293983464	9.63934279659169	8.09433358146199	6.21014648299668	5.57944333479363	5.95223910044974	4.97714187799056	6.20059658546058	6.1373082695854	7.01177832831487	6.54851879264582	8.73363646466861	5.03933855964843	6.27073342110537	5.01096098646772	4.33691466340376	4.86311667934807	5.98241691205891	5.69991649273272	10.1111	10.9936
LCS_527	-172.869873190638	2568.46854896596	2395.59867577532	0.576274704048085	9.19652576565483	10.5879715202245	6.30339980693422	8.51155034533724	6.85574635177892	8.77682141179177	10.1710025933894	6.88421226752275	9.64916499144394	6.89378277874977	3.69960298423372	10.6617751267871	10.2322718117779	7.0988490206434	5.81328457148105	6.19178965967965	5.72342898847596	5.82538506463021	5.62647662754121	6.83234362884103	6.02679851099189	8.60432210666553	4.67384144619711	6.27594440881965	5.64816324553413	3.91369081750096	4.64482634045187	5.63290144947444	5.49626545877077	18.0228	15.9427
LCS_528	-253.908643110841	4462.34285362128	4208.43421051044	0.34107459294862	5.52038271350357	9.00857538946442	5.78090648161351	6.56448761834007	7.2110287830647	6.53582449815823	8.22010744262952	4.67931736799804	7.8443525536059	7.00290138299323	3.58186875735185	7.62508195048883	11.0894133130562	6.40026910829758	6.40781448063384	6.46169101571108	5.17362849470183	6.13301999796296	6.08388883685312	7.41224762281837	6.62241215488097	8.85940916822888	4.90176320976406	6.43710241138391	5.01486441330072	4.24733628401188	5.06957270876829	6.13252554740447	5.7052228994324	16.846	17.6765
LCS_529	-1683.00775373879	386.884725608618	-1296.12302813017	0.915224593848394	8.92790073246765	9.85432372416392	5.13376321842159	7.36350397022437	5.22862869810583	8.2865056773792	7.71468376345898	4.41630546835935	8.20728500789633	4.87957941751689	3.41867122680693	10.307738446311	10.7211456694863	6.9231653238268	5.95149853106491	5.83273398319051	6.15849161286118	6.1246725470378	6.05264700431599	6.37928021791842	6.11294881069739	8.47910759529095	4.6480366614126	6.15073536661795	5.0590147382241	3.79590016625034	4.69269134207173	5.71680593810993	5.65221793730402	13.489	10.9936
LCS_530	-1722.81588282704	881.415951816198	-841.399931010843	0.886310772109038	8.3564963816312	9.31395905420829	5.54629969143428	8.18420837456409	6.30860311404204	8.63100805551817	8.47273523544431	7.69751999651307	8.252859526106	6.03855425393153	5.85180601599815	9.96004409039769	10.8213401393016	6.87923830069504	6.18215644788749	5.84204918861338	5.26941366012804	5.57827255702784	6.23513697785984	7.10845289612513	5.86129786262663	8.48408525349883	4.68294785140735	6.2566948887827	4.8056191119442	3.7774266049464	4.7696050022482	5.54283020426556	5.71542208167353	15.3224	14.069
LCS_536	968.628452432619	3163.35025632939	4131.97870876201	0.351602712982951	9.10616135841591	10.6396182936848	5.48900258265621	7.92458947294479	6.66381608113782	7.55559635383025	7.39847284735106	7.3716420645263	8.56426860358112	7.80694939997564	3.5133004409562	9.25200917788507	10.2074111570148	8.03562941489739	6.34204915136414	6.33986600457197	5.27306624527826	5.682878365747	5.9896173572825	7.27034203694972	7.09305631189888	9.10948068336382	4.52614190249807	6.20160255008008	5.61353171095061	6.56372245478857	4.81036805946384	5.48385136786985	5.31288575250998	10.1111	14.2337
LCS_537	-374.365567996126	3921.32548775548	3546.95991975935	0.430599181892479	8.57029471365067	10.2696572911474	5.3270089745755	8.73954448681378	5.1391578896362	7.67705480463054	8.43689766801512	5.03164652471664	8.48458243410299	6.79448043331079	3.37391873007915	9.43744110665904	10.2863521318063	6.95526019809278	6.21323490770947	6.25989502868554	5.33671197899995	5.8167012410722	5.6245493450868	7.14534695287781	6.435803435075	8.32025719926406	4.65973394166604	6.04379736168107	5.47173070177167	4.00326629025492	5.0728798063389	5.61004674156162	5.46968098375789	17.6329	18.9584
LCS_539	-1246.96105932859	571.711710387345	-675.249348941243	0.874753991438372	8.58063038116535	11.3829047180234	7.41198912386237	8.15991879376901	8.05018891302828	9.41641236420419	11.0638273438922	4.58011010505988	10.7832998424798	5.56012551628262	3.46398152929044	11.2008578284969	11.0742680859065	6.93528654326431	6.25061956371786	6.219154084806	5.20608730934482	6.05457024613596	5.55966240578711	6.43751301481729	5.631456730285	8.71205565554404	4.64054272869036	6.15225943601459	5.10747981955552	3.90850640211416	4.94783975643433	5.93693929882504	5.78696999373377	17.1919	16.7316
LCS_540	-1859.11538149709	558.007462080499	-1301.10791941659	0.915519192758418	9.11560028330075	10.7036157495443	5.61910786010832	7.28972034947421	5.63027372230898	9.22910753912669	7.19153003552565	5.82542322170037	9.16738356203337	7.00746557801911	3.40237206573045	10.781622239392	11.0318302854986	6.07308354184066	5.92375996898935	5.88623192863409	5.85912461314188	6.01996983971967	6.20338048565947	6.36789906521074	5.43459754088178	8.54478351425655	4.72649958652448	6.26069148592173	4.96271866348956	3.81792004927413	4.96008527266308	5.8229535723164	5.54976003970226	14.0183	10.9936
LCS_541	-684.751933731234	1991.14725788875	1306.39532415752	0.699033802923045	7.90458659045689	9.86303213925464	5.03952494688174	7.61300485219287	5.34006366225057	6.91188448253043	7.80106687604284	5.36877168347177	8.01123503675244	7.04172657965241	3.7339612415776	8.70819948955232	11.1363752948703	6.46217782286289	6.37684132776767	6.15844815121898	5.9648879228963	5.8935290562132	5.69422994749482	6.99794329821786	6.13759043983441	9.12862952215735	4.76276079392407	6.06914032082262	5.43353017587625	3.92984675889031	4.77672227180739	5.47897849782749	5.43311812058364	15.3151	15.8309
LCS_542	-2140.00594716023	172.764791253783	-1967.24115590644	0.950418000052259	8.34898160430941	10.1591962201436	6.9476634477144	8.54646281470642	6.77161686856606	8.60506748931101	10.6953842894101	5.80850770393495	10.38917452774	7.89658594902293	5.91767912240872	10.19657556666	9.98270643781276	7.02981546526091	6.42667223064162	6.13743183606701	5.72366033473109	5.96963137451207	5.93290460581012	7.14797700023073	5.98180908507291	7.79046272559041	4.64244825638824	6.31257316331269	4.60418074287159	4.61058171485357	4.72879752166975	5.79179252406643	5.53206925223421	10.1111	10.9936
LCS_543	-442.943505956796	1786.48705234122	1343.54354638442	0.695124102726048	8.85284839268412	10.1957057763329	6.60354127751391	8.71265686403334	6.20877450993695	8.63071789472031	10.662331438819	5.78302769114977	10.4386447899701	6.33866199905636	3.51994869829233	10.6122142066799	9.70965217761216	6.70105646459546	5.60466008387473	6.07544055993714	5.47740595622585	6.1623359158544	6.11528060034427	6.42473812963232	6.62056961660863	8.19111188047967	4.73112623722224	6.17262141889257	5.03383308097695	4.86503231689771	5.06284594670092	5.79905572920964	6.16403387490826	16.5047	18.0805
LCS_544	-1768.41777608032	665.595646369296	-1102.82212971103	0.903424459292441	9.45078362166947	10.8235279167453	5.52622107118057	8.26799166746377	5.66704134966437	8.88371199717133	9.37335979546885	6.56027656557126	8.87249775684465	6.95204319896803	3.43824161979361	10.6513542802459	10.9587182557705	6.86084518008469	6.16906470028753	6.34750109884673	5.32054280884503	5.84142767652415	5.89029499245306	6.46384305264369	5.72413264249908	8.65859787738201	4.58668083480236	6.06562659433265	5.08331533564655	3.91006140175901	4.66822301724497	5.57646401295076	5.85556585509734	15.4201	14.7232
LCS_545	-894.493605390053	1580.18230191996	685.68869652991	0.761197725217868	8.11742872065616	9.79605965280906	5.20827998134232	8.32084570775118	5.01513736919932	5.86445026002141	8.66235671883013	4.72010115272254	8.5782487359238	6.59713897034332	3.54096363269759	6.87180667713095	9.58837419373178	7.13473204697946	6.24857823683517	6.1988277546685	5.73205086188574	5.91364392240654	5.89587049817135	6.69433594650076	5.96069169760593	9.05398773859292	4.71517355417922	6.034910073105	4.9404056818105	3.91230224619337	4.65802569280839	5.62305543442887	5.65134956480522	17.7919	16.4783
LCS_546	-256.696376528105	834.987144963546	578.290768435441	0.771326480861476	6.02347692337948	8.64144313313722	4.27356959116843	7.88302287325902	4.16902862953637	5.1890290904815	4.37255679212299	4.4866629585428	6.28779527033243	5.8799536588155	3.36111835966341	6.37413952357234	9.50432805604592	7.01617348273959	5.97005619051394	5.95560991448081	5.01432179037537	5.76387821376678	5.89901078490041	6.93011500652771	6.79365368489105	8.65204828174638	4.6192740994267	6.11031294501428	5.3288506350235	4.20844468104428	4.87156775528953	5.87413440924053	5.50691630395742	17.305	17.1898
LCS_547	-658.284389976838	1388.69922242498	730.414832448137	0.756923637762204	6.85398199742236	9.6426563315756	4.70026792316489	7.53119925382852	5.10508938681787	6.21832458836882	6.98811764955058	5.25198250391937	7.24580530923712	6.66940754545928	3.42631079630822	7.58165526457167	9.95531018444159	6.7959191348122	6.37667336790958	6.02695521263066	5.48433164742491	5.85803026838396	5.98020028234326	6.72726336917398	6.38703766336023	8.75819242007472	4.63648772776884	6.21585551902675	5.45827580705609	4.16484118221183	4.82384550439318	5.68733454521667	5.33479585841986	17.5244	15.8334
LCS_548	279.772042887333	3052.18030474733	3331.95234763466	0.458864839837542	8.31757816391072	10.9984501830797	6.42403991550921	7.31182035602931	6.46005972955125	9.08397906096489	10.1068145881671	6.1836842899235	10.0649324123313	6.55870898663542	3.43585046726705	11.0402522499547	10.2796155675637	6.79788753953024	5.9896686261527	6.25053710584654	5.54446271371602	5.95132668205349	6.07091241130174	6.91588866578692	6.83030724778372	8.47507647513763	4.84091841676887	6.13689747888492	5.24345012136369	4.68089898187955	4.75365393745265	5.93554939676908	6.43462194286332	17.7513	10.9936
LCS_549	-679.27241256799	1344.65767212879	665.385259560799	0.763127131413909	8.44692371777232	10.5419264016359	6.37605216235048	7.06569534125046	6.39026327465917	9.23151899455211	9.96593487944615	4.54842877702152	9.76976688522389	7.39885298742716	3.25167090523074	11.0877098945561	10.4399837580502	6.14735281047874	6.05358793169539	6.12331912236175	6.0122116122659	6.14565936188805	6.53463316536654	6.50662030532599	6.45951238587808	8.7141846625962	4.84513441591624	6.03134857479571	4.91660669456903	4.17536517189497	4.82897046711376	6.02261949813099	5.86354658805701	14.7215	10.9936
LCS_550	-926.21720202217	1097.997848259	171.780646236826	0.807908126279973	6.81160356937619	9.95505925790594	5.9837048155014	9.03349555581149	5.85165988100571	9.15131517349647	8.71359675978738	4.66673307441996	9.26192062419562	7.53234609994574	3.35766002771282	11.0505854061377	9.65889833546252	7.21065848043398	5.73218156408369	6.0403194951849	5.39144496364609	5.53477433444512	5.57867807474228	6.92171588202027	6.49468606680074	8.38483744939145	4.7455225715174	6.26832474742848	5.13521100037178	3.99432711137378	4.76275910395784	5.69734760202294	5.41671601834448	18.7988	16.8153
LCS_551	885.332179694325	4283.1833521003	5168.51553179462	0.205653074782108	8.36426887637143	10.3721006587055	5.4318056578649	8.18053780332028	5.59329393888968	7.93346833943769	9.23363182823725	6.37719011151766	8.61139813325457	6.66599561212466	4.25575375675806	9.59619196137347	9.78463352060257	7.52070162214902	6.24122245311577	6.4437825654546	5.97645369053494	5.66143845407539	5.81870330508799	7.29854924569839	6.80348778886185	9.0635188383802	4.57894404702689	6.10919600166509	6.13046672892899	4.38838272262464	4.81850182853955	5.54773841443729	5.27249644804129	16.8595	10.9936
LCS_552	448.518530435538	1988.03634297334	2436.55487340888	0.571351062178	7.83115698208895	9.08467511788784	4.84095243368489	7.8794815210741	5.27571709346805	6.72971110871524	7.43460631778202	5.1836336310205	7.43806906457698	5.82614641867568	3.3571333019127	8.38176013856515	9.57416030558584	7.15806955666085	6.12808257796041	6.12063280328771	6.33422058088891	5.85265025233895	5.98097239470613	7.18286389020992	6.40125639239506	8.68125665647002	4.65471156205429	6.23951715494224	5.86629263266032	3.94598689370484	4.95544219257448	5.56742124717549	5.48759026183376	16.9159	15.9681
LCS_553	-765.244071148196	1182.35506205567	417.110990907474	0.786166936955717	8.35562938875046	9.28509098913769	4.70957093076539	8.19107688106909	4.71628107129593	5.53197593961845	7.70251831375052	4.55906202349571	7.76556322929521	6.02473748863684	3.24866726694249	6.54958625887024	9.96015449164811	6.91063894088619	6.36841098960156	5.852889954738	5.54567064975148	5.77850743563506	5.73896113914432	6.93722342716003	6.29823768272389	8.00974402548963	4.65586255878642	6.12707292461292	5.43792583176945	4.09966831142685	4.68312322580045	5.553649302102	5.48419308361034	20.0745	19.2137
LCS_557	-731.070028069615	2540.34282216622	1809.2727940966	0.644392717031367	5.14402684688217	5.03182443463047	4.0205111133627	7.21989145143547	3.66700342104046	4.7083612491356	4.66259238505663	4.50010015673453	5.32596918955139	8.50289918715544	3.77019587895992	5.89582917032612	8.5433204271717	6.51884551630813	5.89280040472445	5.99546172759746	5.61270498174742	6.36852279203122	5.80238926826682	7.88984503858003	6.52582362165337	8.32269352968696	4.47587734135024	6.18105909063271	9.0920585520809	3.92580695274206	4.61288754515482	5.47153272966006	5.39560942764713	16.2616	17.0594
LCS_558	-735.535888804043	1261.00005828588	525.464169481838	0.776238406216948	10.1563715197271	11.3572880696639	7.225225231316	8.64116196050557	7.2372453718904	9.1089293613404	11.488612272899	4.71013487930905	11.0610241511932	8.39363733286724	3.32264543203386	10.9679876143705	10.2463332870552	6.61035805390079	5.7238936270432	5.99037857785325	5.64287783782417	5.75379304257092	6.21261209833679	6.89010277055624	6.62664743955437	8.4039841319137	4.6391569324251	6.12823537258312	5.38801881814381	3.94797551907886	4.696837627936	5.68464097031605	5.49786375606491	17.1775	14.2011
LCS_559	-732.541401862142	2120.11861844145	1387.57721657931	0.690462975667497	8.20706398354617	10.4380014370533	6.11776044859362	8.13395952045231	6.66554186469044	8.27168544959341	9.35402309622894	4.60939673343766	9.23000870577859	7.86600076201706	3.89015222647843	9.83196880705558	10.6977035792075	6.98977536062051	6.34110808054259	6.18838462451064	5.78032496075964	5.73371378961658	5.36341433610041	6.90948535978218	5.90532644711072	10.0674447951682	4.4778060931858	6.16646001481612	5.66470036469599	3.82578125991648	4.70561655273479	5.58328655872627	5.53404513972234	17.8348	16.149
LCS_560	1050.79795802234	2769.14090380943	3819.93886183177	0.394098179795824	8.7582568222406	10.0062454627656	6.2370793300654	8.15749401383567	5.91186314590527	8.24213593059645	10.3659419853238	5.94825220445914	10.2658395368971	6.71211124751212	3.57230337370387	10.1728066259129	9.32786277715518	6.77821647184344	5.77065204925157	6.05659012750896	5.52095220016311	6.15725355910827	5.91271577881009	6.87953435710851	6.8301127974968	8.86625842188502	4.75507579801233	6.09780227478593	5.44538873664776	4.11306717657478	5.27796546391169	5.86974627117683	5.61695754039431	17.0143	15.5363
LCS_562	367.888319374694	2390.97516011786	2758.86347949255	0.531897678495312	8.0227377544403	9.84360542172992	6.21069071172884	8.19656524491074	6.28418690139274	8.44517788373201	10.4178766650095	6.84235790637832	9.99808036161953	6.83552926987992	3.72103026642017	10.5613288614974	9.34056371741097	6.83641648995234	5.72534568407199	6.43378793390304	5.36666398159698	5.80620536436809	5.99343431291665	6.99608063775819	6.48310904178092	8.94054390251906	4.7467828037485	6.1163281647516	5.33815467900672	4.06458806054921	4.96609958421491	5.65412288705579	5.43546990652423	10.1111	10.9936
LCS_563	-1069.90207138095	1396.7756889601	326.873617579149	0.79428382385009	9.29562757299464	10.5393193564309	6.26641418059055	8.74161256614069	6.37885548625071	8.36474610980097	10.1647132744331	5.32486134445389	9.62716074638172	7.83302748145637	3.77784208466363	10.1931206787472	10.6484464085433	7.29464126183453	6.20499136208947	6.47283233385431	5.15417179457321	5.76960739061857	5.78655035442301	6.73298779540685	6.48951280815993	8.73442656509291	4.54166589061971	6.22063711619838	5.23195357580581	3.82716860890283	4.81022803587129	5.40085775544845	5.28557067903458	16.6512	13.5342
LCS_564	-1358.85888056846	682.042223387104	-676.816657181351	0.874865449130554	8.83051693465555	9.84806565404605	6.08132104790311	8.5191052844917	5.78032210688181	8.49817995386957	9.84135971737472	4.44021295905309	9.58176208650787	6.85787253587431	3.2806126928703	10.4199326894228	9.9419479503468	6.94739594828904	5.98713968908437	6.12782112093166	6.00037892771412	5.84738652981507	5.80584193050394	7.21023152825948	5.70616565105859	8.92732784471292	4.67125744103431	6.16849844094926	5.38203087334518	3.89894746714347	4.72272670967454	5.7800793552881	5.46101597536183	18.0299	14.8957
LCS_565	-308.672207292931	1711.5607977257	1402.88859043277	0.688835440953126	8.57946429585763	9.81990433044204	6.44350871929793	8.78827607344974	6.01424913681353	7.92149571644235	10.3233759942881	5.35601113185535	10.0507144139034	5.71668200827656	3.57586174051001	9.84922952138259	9.7575879654519	6.54299216359991	5.56080833957569	5.95794584148337	5.29948971055381	6.11990451147218	6.18011340549957	6.44662317154353	6.5205736104798	8.19317268706915	4.89671306841606	6.2646576289863	5.17251870401765	5.09886151301871	5.10881392219594	6.01159587198055	5.95300424810167	17.9384	16.4855
LCS_566	1032.81237406442	2891.97260970668	3924.7849837711	0.379907425827753	8.47595804456202	10.4219605865442	5.65880318913434	8.40385862121256	5.58439702964006	7.51690712816027	9.6016287957556	5.30263450598676	9.7929428034343	6.23973559232357	3.49092558876881	9.19505139818099	9.6657139400275	7.17560366231532	5.87472032106318	6.17965542692484	5.22250786706265	5.87424572759971	5.91908179899661	6.85818917795425	6.59667049121006	8.3779670588288	4.70224096433043	6.27668066344523	5.53514643266488	4.381528829297	4.97839760694635	5.93898222180145	5.63274014354383	17.4225	15.3496
LCS_567	200.288120444856	2361.8775291651	2562.16564960996	0.556122460814873	7.61305723508298	7.85162743373063	4.34962346159845	7.38491502837067	4.06015408862153	5.96799498931953	6.65392053506519	5.1710563934651	7.96406945943549	5.36496973354153	3.57968598246052	7.41763431325308	8.75173799048003	7.33818953823217	6.02883689307619	6.66453924622285	5.43534536628697	6.20308243224947	6.63038982209798	6.73655878683729	7.15971591653821	8.60083008520546	4.80770011435126	6.32234243410157	6.3626656750201	6.56468999589999	5.15978104369775	5.89988541405629	5.69545524689021	16.3404	16.7719
LCS_584	-1919.20859057219	1011.19536340005	-908.013227172137	0.890796460581212	9.80616301372684	10.6750410492315	6.65553729673092	8.53734822307047	6.74212931412597	9.20199451987603	8.96008516496778	5.49188703468498	10.4591778915463	9.65345328017763	3.60155471357802	11.0749921354151	11.9646015368638	7.21129707451037	6.58934454451371	5.87728368821391	5.3498393473551	5.67053839306948	5.67793304426611	7.67868113674216	6.65592103993331	9.58713901870432	4.57144563480909	6.08414433121874	4.66728496397566	3.7998717541109	4.56018785869112	5.43024705801456	5.37831977625178	16.0754	13.4362
