ID	LCS_501	LCS_502	LCS_503	LCS_504	LCS_505	LCS_506	LCS_507	LCS_508	LCS_509	LCS_510	LCS_511	LCS_512	LCS_513	LCS_514	LCS_515	LCS_516	LCS_517	LCS_518	LCS_519	LCS_520	LCS_524	LCS_525	LCS_527	LCS_528	LCS_529	LCS_530	LCS_536	LCS_537	LCS_539	LCS_540	LCS_541	LCS_542	LCS_543	LCS_544	LCS_545	LCS_546	LCS_547	LCS_548	LCS_549	LCS_550	LCS_551	LCS_552	LCS_553	LCS_557	LCS_558	LCS_559	LCS_560	LCS_562	LCS_563	LCS_564	LCS_565	LCS_566	LCS_567	LCS_584
LysoPC(18:2(9Z,12Z) or 0:0)	24.9407	23.7709	23.1421	24.8713	21.3219	24.2439	23.9601	19.9014	21.4631	24.1124	24.001	15.6991	22.5283	17.3833	24.1819	22.4419	20.3218	26.8608	22.6241	22.8493	23.2843	17.522	25.8044	24.1217	23.2634	18.1559	25.4843	25.5099	15.6991	18.9122	21.5771	20.1647	22.3702	26.4138	25.1553	15.6991	23.8243	23.4905	22.5647	22.3572	23.4185	24.3688	23.476	23.3157	20.4846	23.7413	18.447	22.3419	15.6991	23.6271	24.1556	22.2382	24.2615	25.5465
1-Methylhistamine	20.6952	17.293	17.9117	21.8815	22.4552	22.9004	20.7091	14.8466	14.8466	17.3352	15.2061	14.8466	21.8731	14.8466	24.5576	14.8466	20.6756	14.8466	14.8466	14.8771	18.1477	18	18.376	21.1393	15.2525	14.8466	18.664	22.4127	18.7861	14.8466	20.1778	22.0023	21.6073	16.6871	23.0775	20.1705	22.1984	23.6515	20.4835	17.9482	22.5864	23.3002	22.6393	17.0333	19.6771	20.6952	20.4092	18.9636	14.8466	18.4144	22.9043	22.6485	24.0697	14.8466
1-Methylhistidine	14.927	14.9781	13.7719	15.2976	10.4909	10.4909	10.4909	14.2005	14.2901	15.5594	10.4909	10.4909	10.4909	14.3682	15.88	14.2354	10.4909	15.1971	15.1346	14.2758	10.4909	10.4909	15.024	15.6296	15.0404	15.5946	10.4909	13.3159	15.9079	10.4909	10.4909	10.4909	15.557	15.4377	10.4909	13.5178	15.3883	10.4909	14.9689	10.4909	10.4909	10.4909	10.4909	12.9276	10.4909	14.9689	10.4909	13.8687	10.4909	10.4909	13.6297	13.3954	14.9689	10.4909
MG(18:1(9Z) or 0:0 or 0:0)	19.892	21.149	21.0297	11.5003	24.4618	19.8289	23.8742	20.1503	25.8152	21.3517	21.1738	25.9191	22.3485	15.3001	20.5035	19.7842	11.5003	21.0325	21.9876	23.8955	25.7346	19.7153	23.354	24.3423	24.738	23.6143	20.8802	19.106	21.6404	21.8671	21.0307	22.8718	23.9636	21.2341	22.2076	18.8825	25.7534	20.5173	24.1634	18.0859	24.9646	22.5115	22.0064	19.1453	23.5963	22.2307	24.926	21.0775	19.1476	19.8013	24.1478	22.193	23.3902	19.1486
LysoPC(18:1(9Z) or 0:0)	26.3441	25.5079	23.8783	26.2395	22.8643	25.6287	25.6178	22.2773	22.3772	26.0154	26.5406	16.7719	24.8363	18.6536	25.1428	23.5814	19.8251	29.569	24.6622	24.7123	24.8868	19.0614	25.8519	26.073	25.28	20.9006	26.5742	26.3911	24.9307	21.366	23.9861	21.7926	24.5372	27.6273	26.951	24.4198	23.7207	24.6265	25.6231	24.4058	25.5134	26.378	24.253	26.2788	22.9078	27.2937	20.0374	23.279	25.1035	23.3211	24.7568	22.374	24.8664	27.0925
LysoPC(16:1(9Z) or 0:0)	25.1767	25.0686	21.0734	24.3383	21.0763	24.3728	23.4615	20.5675	20.2118	24.1705	24.8264	14.6264	21.8363	14.6264	23.1022	20.436	14.6264	28.5778	22.5313	22.9741	22.9036	16.0034	23.9777	24.1962	22.7591	17.3793	25.5054	24.1398	22.8656	14.6264	22.5275	18.0408	23.4313	24.2472	25.4569	14.6264	21.1773	22.652	22.8142	20.911	22.8949	23.5185	23.4222	24.4259	21.7272	25.4819	14.6264	20.9506	22.6872	21.323	23.0942	21.6682	21.0729	23.7898
LysoPC(16:0 or 0:0)	28.6285	28.0173	26.4991	28.2867	25.6243	28.1929	27.5984	24.3698	23.9178	27.613	28.2937	21.2294	26.0161	22.5544	27.2404	25.9234	22.6101	30.8734	26.5544	26.4818	27.6376	21.6075	28.0671	26.5107	26.2498	22.7113	28.7934	28.9498	26.9866	22.8179	26.0204	24.2905	27.061	29.1635	29.5208	26.7618	25.685	26.8997	26.5846	27.2636	27.023	27.8528	26.2092	28.0742	25.4691	28.9822	23.0319	26.0161	27.6423	26.7801	27.397	24.9831	27.1355	27.8117
LysoPC(18:0 or 0:0)	27.09	25.9294	25.3711	26.8306	23.7616	26.5107	25.7549	22.4034	21.8032	25.8787	25.6885	18.1371	26.3152	21.1139	25.6002	23.7555	21.9313	29.6126	25.9391	24.9099	26.4098	20.574	27.3502	25.5086	24.5445	23.01	27.1861	27.4673	26.5264	21.9886	24.6795	23.8021	25.8994	28.7728	26.9039	25.8307	24.9755	25.5014	27.1257	25.8359	25.9412	27.1331	25.6841	26.5684	24.8504	26.6141	21.3625	25.1657	26.0319	26.279	26.5645	23.578	26.4685	26.4825
MG(0:0 or 20:4(5Z,8Z,11Z,14Z) or 0:0)	18.6066	17.9055	20.0911	20.2239	19.2661	20.0241	19.0162	17.8986	18.5255	19.0475	19.2134	19.0079	18.836	17.3651	19.9133	19.0484	19.263	8.98014	14.8985	18.0221	18.3779	19.1795	19.6647	8.98014	19.6826	18.7818	18.898	18.0904	18.9037	16.2072	17.6387	17.101	19.8089	18.5297	18.489	17.266	19.0565	18.9984	8.98014	18.2696	17.7017	20.5119	18.1933	16.9378	19.3692	16.7131	20.3831	19.0116	17.5055	18.9798	18.6177	20.6056	19.6619	17.5895
Deoxyinosine	18.9297	18.0148	12.0151	17.6122	16.5016	16.8317	14.3911	18.2974	18.3882	16.5479	18.9064	18.6344	19.0909	12.0151	15.9592	16.3198	14.2024	18.5945	14.5979	18.8303	15.3294	12.0151	15.6379	19.2752	15.3173	16.463	17.3522	16.6218	14.7524	17.6218	17.2221	17.2725	14.285	15.4192	16.348	18.4919	18.2932	16.3901	16.7798	17.6164	16.3987	19.3687	12.0151	15.6803	15.6844	18.5232	18.011	15.5372	12.0151	13.4736	16.4492	13.5922	17.207	19.2114
2-Hydroxy-3-methylpentanoic acid	16.316	11.8154	15.6416	18.3499	11.8154	17.1562	16.9795	19.9362	11.8154	16.9455	15.8699	17.1933	11.8154	17.2348	17.0694	18.4083	16.1583	16.7407	16.944	16.2806	15.5772	15.2271	18.238	16.6487	17.86	16.7892	11.8154	16.3023	17.2947	17.1416	16.5387	16.9386	16.2616	11.8154	15.8616	11.8154	11.8154	11.8154	17.6135	16.6973	11.8154	11.8154	11.8154	16.1669	17.0228	11.8154	16.9586	16.243	11.8154	16.634	16.1729	16.5478	15.932	18.0489
MG(0:0 or 16:0 or 0:0)	21.6567	22.2011	20.8564	21.7029	22.3532	12.7326	18.3647	19.3579	21.7158	22.528	22.103	23.0678	20.9064	18.7564	21.6589	21.8677	12.7326	19.6937	12.7326	20.9439	23.587	19.9764	22.4312	20.3017	21.7757	20.6838	21.3517	20.0364	20.927	16.2962	21.5316	21.1414	22.0562	21.4383	22.8951	19.4864	22.3668	22.373	21.1942	20.0785	23.0408	22.073	21.396	20.2542	21.4674	21.5388	21.8025	22.1696	12.7326	20.7823	21.1942	21.6458	20.8062	12.7326
2-Ethylhydracrylic acid	17.2325	12.7307	12.7307	17.5113	12.7307	17.5851	18.1789	12.7307	19.1884	12.7307	16.3259	16.7715	16.8406	12.7307	17.2292	12.7307	12.7307	18.0861	17.0811	16.556	17.6325	18.8103	17.7187	12.7307	17.9976	17.399	12.7307	17.9451	17.5085	12.7307	16.2592	17.4983	12.7307	12.7307	17.4648	16.7678	17.9127	17.8924	17.6648	16.5977	17.001	17.1117	15.9847	12.7307	18.0053	12.7307	12.7307	17.501	18.1665	12.7307	12.7307	17.6313	17.771	12.7307
3-Methylglutarylcarnitine	17.0346	19.7494	27.4685	22.5848	22.7272	14.1102	20.7409	14.1102	17.296	22.9044	16.9591	23.1205	21.9028	20.5271	22.4405	24.9677	23.8883	22.7213	17.802	23.6074	23.6452	23.3135	23.8419	14.9751	23.4252	20.8228	14.1102	20.0052	23.188	18.0537	24.0844	19.6377	22.5848	25.1451	22.288	17.0242	22.1427	20.8847	21.3437	21.2744	21.0239	14.1102	23.8761	14.1102	24.191	22.5848	23.4898	20.5388	24.4561	21.37	20.925	25.2764	22.8116	14.1102
3-Methylhistidine	14.8906	16.1359	12.9735	19.2672	18.7721	18.3278	18.0437	17.6341	12.9735	16.2574	12.9735	12.9735	16.7833	16.8512	18.1233	12.9735	17.0115	17.4454	18.5951	16.8978	17.0787	12.9735	20.5006	20.1546	16.641	19.2228	12.9735	12.9735	19.465	17.0707	16.8251	14.4815	16.5101	19.2847	15.4532	18.7743	17.2865	16.1537	18.5501	18.8743	17.3327	17.7838	16.9716	16.1942	16.403	20.2581	12.9735	17.6058	18.5362	17.3799	16.3447	18.2851	17.7952	17.6732
Ureidopropionic acid	20.5784	20.067	21.1946	21.3344	18.5071	20.3831	16.243	21.745	21.0878	18.4279	23.3866	15.6044	13.7304	13.7304	17.8262	17.0076	13.7304	21.1572	18.8574	17.8507	16.0514	16.9625	13.7304	19.3653	18.0349	19.366	21.8639	17.3548	17.3548	13.7304	19.3305	19.1266	13.7304	13.7304	17.9239	21.7346	16.3149	16.7676	13.7304	18.1466	18.2046	16.9331	19.7921	13.7304	17.5224	22.9778	13.7304	16.4146	16.8803	13.7304	21.3742	16.7928	18.6749	20.151
Acetaminophen	17.4508	12.4617	18.9336	11.7181	14.6792	11.7181	17.4312	17.9311	18.6879	11.7181	17.281	11.7181	11.7181	14.7109	15.9722	18.2267	11.7181	11.7181	11.7181	19.8682	16.9495	11.7181	13.616	11.7181	11.7181	11.7181	11.7181	18.7135	11.7181	21.2792	11.7181	11.7181	11.7181	24.7101	19.8522	16.6043	17.7373	11.7181	16.6135	11.7181	24.1302	18.3735	11.7181	29.03	11.7181	11.7181	11.7181	16.3309	16.2027	11.7181	11.7181	18.5183	19.0087	18.9855
5-Androstenediol	17.0477	15.5361	11.4818	18.8679	15.9077	18.9475	15.106	14.1029	15.5685	17.6524	13.51	17.5552	11.4818	15.2141	17.9748	16.8913	15.4116	17.4189	14.1538	15.5057	16.8816	15.8905	19.2777	17.8316	21.6008	17.1743	11.4818	16.3098	11.4818	11.4818	11.4818	19.3751	13.2866	18.591	11.4818	13.5097	16.99	12.9645	15.64	17.076	11.4818	11.4818	11.4818	15.2111	17.2192	11.4818	17.7999	14.5664	17.2503	11.4818	15.9623	11.4818	15.8507	18.5287
4-Hydroxybutyric acid	16.6097	16.7172	16.4299	17.8095	14.0694	14.0694	14.0694	17.9905	14.0694	18.5145	15.799	17.1706	18.5177	20.7709	16.8112	18.0566	16.1251	19.8629	14.0694	17.4785	16.8855	14.0694	14.0694	17.9671	17.8418	14.0694	18.8067	16.899	14.0694	14.0694	14.0694	17.5164	14.0694	14.0694	14.0694	17.883	16.8725	14.0694	17.7535	17.3596	17.9489	14.0694	17.8236	18.0352	19.3717	17.8434	18.7639	17.8434	14.0694	16.4721	14.0694	14.0694	14.0694	20.4813
4-Hydroxyhippuric acid	12.3974	12.3974	12.3974	17.6734	15.9348	18.2378	12.3974	14.0474	15.1263	17.5046	12.3974	12.3974	12.3974	17.5018	15.7641	15.9818	13.0185	15.3204	14.0129	16.3303	20.0456	16.7255	16.831	16.6212	17.8758	14.1971	16.5887	13.8702	17.0295	17.4034	12.3974	17.3957	18.6492	16.8121	20.2422	17.349	15.4692	16.2999	17.7798	18.9877	18.0644	15.7777	15.7279	16.115	17.3415	15.795	17.3467	19.433	17.4617	12.3974	12.3974	16.1672	13.3334	13.7804
Dihydrothymine	20.5988	19.3799	12.8929	14.7091	16.413	19.6032	12.8929	21.2029	19.9118	16.71	19.9041	12.8929	20.2677	12.8929	16.1172	12.8929	12.8929	18.1687	17.9135	19.8133	19.0395	12.8929	12.8929	12.8929	12.8929	18.6901	19.3793	17.1992	12.8929	19.2655	17.0495	20.4969	12.8929	12.8929	15.2162	21.2397	20.9319	13.9197	12.8929	15.2186	12.8929	17.6246	12.8929	19.6692	12.8929	21.2715	12.8929	15.2289	12.8929	12.8929	19.6754	12.8929	19.2144	22.3019
Ribothymidine	15.3844	15.2225	10.3509	13.4997	10.3509	10.3509	10.3509	10.3509	10.3509	16.3164	13.8567	15.3168	15.6473	10.3509	13.7089	14.1756	12.528	14.8111	10.3509	15.6473	14.2934	10.3509	13.9586	14.1766	15.0395	17.1559	10.3509	15.2563	10.3509	15.6076	10.3509	13.8491	10.3509	11.3208	15.6473	10.3509	16.3432	14.3559	10.3509	14.6964	12.2342	16.1848	10.3509	15.3676	10.3509	10.3509	14.2278	10.3509	10.3509	10.3509	10.3509	10.3509	10.3509	10.3509
6-Phosphogluconic acid	21.5032	22.3594	20.9724	21.7919	20.3841	20.7793	22.465	20.4312	20.9064	18.8849	19.9466	19.1888	18.8357	16.5187	22.2153	19.0332	21.4428	16.8099	16.6274	21.6608	17.0405	17.8497	19.3328	15.3726	18.7681	16.9527	18.2038	20.9013	17.3423	17.5688	19.7025	17.4977	18.8508	20.6048	16.0199	20.0328	18.6367	20.6393	18.8063	20.0005	19.8577	20.3987	21.5286	12.5418	19.678	21.4887	18.0404	16.747	18.5201	21.7847	20.7188	19.9847	19.9581	18.0926
7alpha-Hydroxy-3-oxo-4-cholestenoate	15.9848	16.5176	12.6131	12.6131	12.6131	12.6131	12.6131	12.6131	18.5906	16.8652	12.9493	12.6131	12.6131	12.6131	12.6131	12.6131	12.6131	16.2995	12.6131	12.6131	12.6131	12.6131	12.6131	16.8967	17.4705	12.6131	16.0915	12.6131	12.6131	17.3049	12.6131	21.8366	12.6131	12.6131	14.9893	12.6131	18.1648	12.6131	12.6131	12.6131	12.6131	13.8773	12.6131	12.6131	12.6131	12.6131	12.6131	12.6131	12.6131	12.6131	12.6131	12.6131	12.6131	12.6131
Acetylcholine	9.95565	9.95565	15.6478	19.5781	18.7668	17.3884	17.3461	19.9499	21.7558	18.3294	19.6465	19.3485	18.3496	18.8125	17.1666	18.4706	16.7855	17.1699	17.6737	20.3747	17.3361	18.5421	17.4243	9.95565	16.0585	18.0101	9.95565	9.95565	9.95565	9.95565	9.95565	15.7745	15.9859	19.8357	9.95565	18.1176	19.3182	9.95565	14.898	18.954	19.356	19.7235	18.2488	18.3307	18.5644	9.95565	18.8431	18.113	19.7603	9.95565	17.4966	18.6664	9.95565	9.95565
3'-AMP	18.2263	18.36	14.3547	19.3811	18.8574	17.279	16.2932	14.3547	17.9898	20.3893	17.3593	19.0416	20.6586	17.6441	18.2611	18.5028	14.3547	20.9381	18.0233	17.3312	18.7319	18.1039	14.3547	17.1779	21.1946	16.9818	18.2332	17.6694	18.2773	17.4126	17.3775	20.9107	21.1986	18.0141	18.9068	14.3547	19.9687	19.1879	19.0446	19.4179	17.2003	20.0655	14.3547	17.072	19.1653	19.8283	14.3547	20.1574	17.6032	14.3547	17.9561	19.4241	16.7726	14.9726
ADP	21.7825	21.7461	20.7021	23.3616	21.3069	20.1648	19.9908	18.9109	19.5228	19.0437	19.7952	17.2504	17.7645	18.9684	22.2958	19.0375	20.4755	17.3087	20.3649	21.7409	19.5537	16.4594	21.742	20.3212	17.2911	16.289	19.0282	20.4143	21.5152	11.6096	18.4656	11.6096	20.3154	20.2929	20.3338	21.2427	20.6615	19.4476	17.9664	21.7674	11.6096	21.0956	22.3511	19.8844	19.2552	20.4462	19.8126	11.6096	19.4333	22.2574	21.8852	20.3919	20.6876	19.6866
Adenylsuccinic acid	18.8451	18.1373	16.4098	19.0999	16.0743	15.7234	17.8484	15.4751	13.5068	18.0874	15.5194	14.7044	11.3365	15.3463	20.9106	15.2252	17.8059	11.3365	15.3902	19.5545	14.0236	16.0202	19.7922	18.0813	15.7404	11.3365	11.3365	19.0251	18.3308	11.3365	17.8679	11.3365	17.3735	16.3116	16.9369	15.1772	17.1987	17.8631	11.3365	19.3465	18.1697	15.7313	17.799	11.3365	17.8315	17.7899	13.0957	11.3365	17.2443	16.8791	19.5719	16.1348	17.1294	15.5409
Adipic acid	18.7679	14.7805	19.6752	14.7805	17.7182	14.7805	18.4457	18.2754	18.8332	19.3005	16.994	19.598	14.7805	20.6224	20.2013	20.1786	18.1989	19.7942	17.9308	19.2541	19.9163	20.3444	14.7805	14.7805	19.2843	14.7805	14.7805	20.0191	19.155	18.8043	19.9168	14.7805	14.7805	19.5766	20.3607	21.3278	19.0221	19.9505	14.7805	18.6777	14.7805	19.2843	14.7805	14.7805	18.9313	20.3225	20.8125	19.6986	19.4443	14.7805	14.7805	20.2148	14.7805	17.7141
Allantoin	12.7682	12.7682	17.7036	17.032	12.7682	16.2455	16.5487	12.7682	12.7682	16.8612	12.7682	12.7682	12.7682	12.7682	15.9003	12.7682	12.7682	12.7682	15.726	12.7682	12.7682	17.3575	17.901	12.7682	17.4512	12.7682	12.7682	12.7682	18.0471	12.7682	12.7682	17.4515	18.3792	12.7682	16.0537	12.7682	17.2175	12.7682	12.7682	12.7682	12.7682	15.7047	16.6638	12.7682	17.1224	12.7682	12.7682	16.3249	16.7368	16.4661	12.7682	16.2819	12.7682	12.7682
Leucinic acid	16.5419	12.9798	17.0259	17.8189	12.9798	17.8065	16.2545	21.109	12.9798	16.7343	12.9798	17.8571	12.9798	16.1619	12.9798	18.3236	12.9798	17.6096	17.788	16.6839	15.3918	14.3786	17.3301	17.7922	19.0441	16.3387	15.4297	16.3345	16.678	19.018	16.8122	16.479	15.03	15.8618	14.5151	16.0764	15.7915	15.7758	16.7775	16.1812	12.9798	12.9798	14.5433	16.7145	17.3114	18.1245	16.071	16.6243	15.2374	15.5455	16.2625	12.9798	17.0801	20.8808
Caffeine	22.06	22.6863	24.9367	17.55	14.4206	18.182	16.8734	19.0417	16.8744	18.4992	14.4206	17.7355	19.5491	15.153	14.4206	16.9501	23.1658	17.8198	17.9892	20.0771	17.6378	18.1336	22.3486	17.4158	17.2254	16.2107	16.8286	17.6289	18.3994	18.903	18.4813	17.5672	22.5787	21.1779	16.5886	16.9809	19.7299	14.4206	17.2158	16.2471	18.9931	17.6829	20.9517	17.0194	21.8977	16.5192	14.9164	20.6695	18.3792	16.1488	20.0094	16.4211	15.3421	18.812
Carnosine	13.8413	12.0423	13.5672	15.5816	12.0423	15.01	14.4183	12.0423	12.0423	12.0423	17.019	12.0423	19.4163	12.0423	15.3447	14.0495	12.0423	12.0423	13.6724	12.0423	12.0423	12.0423	18.1757	17.1522	12.0423	16.7176	15.0567	12.1696	13.3651	12.0423	12.0423	12.0423	12.0423	13.0288	16.2743	14.5834	12.0423	12.8366	16.9895	12.0423	15.3447	17.2044	12.384	14.1315	12.0423	15.1676	12.0423	15.3243	12.0423	12.3953	15.5737	14.5713	14.6092	12.0423
Chenodeoxycholic acid	14.1667	14.2338	17.6545	10.6935	13.74	13.265	15.8982	15.0436	17.8936	18.1769	10.6935	18.0461	15.8465	18.1558	10.6935	16.5148	16.589	10.6935	15.6788	13.9858	16.177	16.5768	17.8356	10.6935	18.7538	17.9897	10.6935	10.6935	16.9369	15.6556	10.6935	19.5423	10.6935	17.1627	11.8222	15.7206	16.705	14.8207	19.4847	17.1929	10.6935	17.3414	10.6935	10.6935	17.4519	10.6935	13.9983	17.2336	16.4594	10.6935	10.6935	16.2294	14.8204	10.6935
Cholic acid	11.7603	11.7603	11.7603	15.6033	11.7603	11.7603	14.4253	11.7603	16.2102	17.8962	13.8108	17.9392	18.17	21.6228	11.7603	16.9566	18.6557	11.7603	11.7603	11.7603	16.5995	20.3354	14.2582	11.7603	14.7561	18.1902	11.7603	11.7603	11.7603	13.6862	11.7603	17.6303	11.7603	19.1687	11.7603	11.7603	14.5635	11.7603	11.7603	17.0762	11.7603	16.9808	11.7603	11.7603	19.1371	11.7603	11.7603	16.5384	16.2102	15.917	11.7603	11.7603	11.7603	11.7603
Cortisone	12.9638	17.757	12.9638	12.9638	12.9638	15.916	12.9638	12.9638	18.3518	17.9559	17.8062	12.9638	12.9638	12.9638	17.7041	12.9638	18.3016	17.9948	18.0821	18.467	12.9638	12.9638	12.9638	14.4027	12.9638	12.9638	17.8173	18.3601	12.9638	12.9638	12.9638	18.5389	12.9638	12.9638	18.0704	12.9638	18.532	16.9512	12.9638	12.9638	12.9638	17.6963	12.9638	20.135	12.9638	16.1314	12.9638	16.8487	12.9638	17.0607	12.9638	12.9638	18.113	12.9638
Cysteinylglycine	21.299	22.0038	17.6922	20.2619	21.4164	20.3006	20.7037	27.533	21.868	23.3211	19.7311	21.758	19.9128	21.1104	21.7078	17.0204	22.3897	21.2143	21.8431	18.2108	22.2177	22.5889	21.8998	20.111	20.3815	20.199	21.7527	21.1211	23.3458	22.7354	24.2959	12.7908	22.3078	19.3588	23.3207	23.0044	21.2512	23.1121	22.7271	20.805	21.3856	20.9564	21.9877	21.2686	22.5587	23.1646	21.8846	20.2676	21.6374	20.1773	20.524	21.629	17.9976	22.7106
L-Cystine	14.5715	14.5715	17.9969	20.6134	21.7973	14.5715	14.5715	16.9397	21.6126	20.0498	22.1881	17.6555	23.6977	14.5715	14.5715	14.5715	14.5715	22.2368	21.7719	14.5715	20.4088	16.7607	20.3781	19.6516	22.8347	23.8931	21.7549	21.938	16.8222	24.526	23.0936	23.0046	20.7955	21.3204	24.5261	21.2402	24.5357	19.3175	22.7311	18.3216	16.9314	24.1124	22.6394	24.088	18.9053	22.0915	22.8876	22.7111	20.3143	14.5715	19.9756	22.6794	21.8676	18.3639
L-Dihydroorotic acid	15.1518	15.1518	15.1518	15.1518	15.1518	18.5128	18.2664	15.1518	18.5986	15.1518	15.1518	15.1518	17.3566	15.1518	15.1518	15.1518	15.1518	15.1518	21.674	18.9128	15.1518	15.1518	15.1518	15.1518	15.1518	19.1219	15.1518	15.1518	15.1518	19.2342	15.1518	18.1069	15.1518	15.1518	15.1518	15.1518	15.1518	15.1518	15.1518	15.1518	15.1518	15.1518	19.843	15.1518	15.1518	15.1518	15.1518	15.1518	15.1518	15.1518	23.8126	15.1518	15.1518	19.4028
Docosatrienoic acid	18.7658	17.9577	13.5028	17.6721	13.5028	17.1807	13.5028	18.0047	17.4799	16.7079	13.5028	18.7477	13.5028	13.5028	15.2155	13.5028	13.5028	13.5028	13.5028	16.9686	13.5028	13.5028	17.1134	13.5028	16.6813	13.5028	19.0875	16.871	13.5028	13.5028	13.5028	23.7555	13.5028	13.5028	16.5403	13.5028	18.4703	16.7805	13.5028	17.3877	16.8317	19.0215	13.5028	18.4899	15.1677	13.5028	16.2613	18.3245	13.5028	16.5439	18.4461	17.2839	18.5062	18.9996
Fructose 6-phosphate	20.4078	22.0624	20.0797	19.8227	19.3734	13.4427	21.9226	20.7418	22.8843	17.1277	19.1953	22.2839	21.7975	22.6722	18.8771	19.9997	19.1977	15.2017	13.4427	19.2011	20.1781	18.7185	19.0967	13.4427	16.5754	13.4427	22.0908	13.4427	22.0727	13.4427	19.8499	13.4427	20.4428	20.13	19.2878	18.6016	18.7096	18.9064	21.8153	20.5563	21.9475	19.8461	17.8689	13.4427	20.4301	22.3142	18.9002	19.5265	13.4427	21.5954	18.3791	18.8175	17.5665	16.4076
epsilon-(gamma-Glutamyl)lysine	20.4464	18.8671	17.3605	21.4274	15.0674	21.3913	19.9718	19.2502	19.7222	20.8759	22.0422	20.0849	21.4294	17.4703	20.0647	15.0674	16.664	21.0845	18.4143	22.5327	19.772	20.6365	20.2676	23.0139	15.0674	15.0674	18.2184	23.4272	15.0674	19.0506	16.8149	22.7037	18.2251	19.5902	17.4281	16.0173	15.0674	15.0674	19.8783	17.3675	20.7505	17.6134	18.6338	20.5995	17.5458	19.0261	15.0674	21.6961	15.0674	15.7484	19.3965	19.7604	22.2139	19.5048
gamma-Glutamyltryptophan	17.5674	16.447	13.1491	13.1491	16.0453	13.1491	13.1491	17.4849	16.6658	17.9905	17.5909	13.1491	15.3725	13.1491	19.0854	13.1491	13.1491	16.1993	18.6187	13.1491	16.5285	13.1491	17.898	19.0314	13.1491	18.1516	13.1491	18.214	13.1491	17.5803	17.2333	15.8361	15.777	13.1491	19.4108	19.419	18.6557	18.3585	17.2468	17.9047	13.6407	13.1491	19.9112	20.1717	14.7979	17.7014	14.2542	13.1491	13.1491	13.1491	19.6388	17.1483	16.8617	16.8332
gamma-Glutamyltyrosine	14.1564	14.1564	14.1564	18.1368	16.5291	15.9951	14.1564	19.4195	14.1564	15.1745	16.7161	14.1564	14.1564	14.1564	18.6216	14.1564	14.1564	14.1564	19.2243	14.1564	16.0258	14.1564	18.4893	19.6523	16.253	17.9611	14.1564	20.1897	14.1564	20.0627	19.2758	16.8578	16.2996	17.9155	19.7057	14.1564	19.411	15.703	17.8711	16.8374	17.3727	18.9137	19.7327	20.3728	14.1564	19.595	14.1564	14.1564	14.1564	14.1564	17.122	18.3177	16.1732	18.1066
Gluconic acid	22.0874	23.2737	22.1785	21.8675	21.949	21.3454	22.3615	19.1956	23.3818	25.107	21.1791	21.6696	22.6571	22.9944	22.3985	21.6964	21.7012	23.3327	16.7982	22.8876	22.439	23.4921	22.3531	14.1904	21.8614	24.0057	22.5993	22.8149	22.7179	24.3386	21.5581	19.1713	14.1904	24.9423	22.4251	22.2034	20.1829	23.618	23.3126	22.153	21.2332	21.1056	22.1912	19.4177	22.7892	21.836	21.227	23.2702	21.7251	23.8272	14.1904	22.6954	22.3145	14.1904
Glucosamine 6-phosphate	21.504	21.7385	20.9553	20.0151	18.979	18.5763	20.9958	18.719	21.4414	13.86	19.1646	19.7994	20.0984	21.3007	19.8276	19.5605	18.9631	16.5023	13.86	19.7098	14.8727	17.8125	18.9147	13.86	18.1603	13.86	21.0284	16.6885	22.572	13.86	16.2476	13.86	20.8097	19.2397	13.86	19.957	13.86	19.4541	14.815	19.9331	13.86	18.7334	17.427	13.86	20.1848	20.2226	18.5967	18.4499	13.86	20.957	18.6212	18.9542	17.3921	13.86
D-Glucose	27.4319	27.4657	29.4666	27.6183	28.6191	28.191	30.0114	26.5178	27.0645	27.7959	22.5437	29.1437	26.5301	30.7553	30.2337	29.5489	29.4095	27.9891	22.4454	27.3127	30.0534	29.2063	29.7631	19.4594	26.4538	26.6274	27.6243	27.6172	29.1751	28.5545	26.7895	25.5773	29.2533	29.2427	29.395	26.433	27.5667	29.8069	28.8176	28.5959	29.1236	26.5394	28.5836	20.6176	29.947	27.289	30.1845	30.5916	28.3094	27.8018	28.6644	30.6641	28.469	22.3604
Glucose 6-phosphate	20.1681	20.4077	21.1107	20.0847	13.2685	13.2685	21.7914	18.626	20.4484	17.915	14.8123	17.7777	18.6634	19.6717	18.4507	19.7572	18.1402	13.2685	16.3456	18.8912	13.2685	17.714	18.9514	13.2685	13.2685	13.2685	20.4394	13.2685	22.8111	13.2685	13.2685	13.2685	19.5662	20.1845	13.2685	18.4456	13.2685	19.189	17.8359	19.9246	16.7927	13.2685	17.223	13.2685	20.4537	18.6658	17.3925	13.2685	13.2685	20.193	17.3014	13.2685	13.2685	13.2685
Glutathione	29.5573	27.9703	24.7882	28.4971	24.4621	26.6379	31.4638	30.0954	27.4517	29.8234	18.6159	27.8181	24.6119	28.4527	28.7081	28.6661	30.1426	29.5075	29.7594	26.8717	30.2907	28.2822	29.4535	27.0252	26.5797	24.7491	26.0497	26.6884	29.8821	27.1057	26.5946	16.4494	28.2274	29.7837	26.9742	28.4962	24.8641	29.121	27.2098	28.92	29.6368	21.686	26.07	23.4717	30.2952	27.6192	27.1869	25.4114	28.5179	26.5846	26.4929	26.5355	22.1954	27.9486
Chenodeoxycholic acid glycine conjugate	21.5584	23.0267	26.119	25.4054	20.7711	20.9979	26.7417	17.5397	20.0542	22.9196	21.2045	25.2497	22.4892	25.8186	24.1947	29.3284	24.0547	17.2987	21.7493	22.7834	23.7145	22.9542	26.4753	18.4536	27.1618	24.7467	18.5136	22.2373	28.231	21.1012	19.0386	28.2926	26.0266	23.9192	21.096	16.3993	23.9351	24.8477	25.3706	23.9063	22.8674	24.7145	22.3536	20.0521	24.2378	22.7614	22.0811	24.4657	22.6371	24.0887	23.9501	26.168	23.4737	19.628
Glycocholic acid	19.8917	21.1411	21.5911	24.006	19.5301	20.0651	25.0691	13.4112	20.9449	20.4657	20.3091	23.6068	22.4304	26.8122	22.5846	26.3278	24.0723	15.9133	23.514	21.7229	25.0231	24.5158	24.763	15.0016	23.7365	23.9247	16.2229	17.2145	22.9692	17.5637	17.4485	27.9105	26.2639	22.7027	18.8504	13.4112	23.4969	22.2705	21.3745	25.1313	22.8836	24.8273	20.017	20.2178	24.3594	22.0483	21.9939	24.8636	19.8054	24.6126	24.2032	24.7561	22.5906	15.5585
Deoxycholic acid glycine conjugate	20.7201	21.5105	12.3576	23.8234	12.3576	12.3576	23.2129	12.3576	19.2589	19.8732	16.8585	12.3576	12.3576	20.8469	16.9865	25.9826	22.4272	14.3993	18.7815	21.8552	12.3576	21.2974	22.3316	15.3471	23.5797	12.3576	12.3576	19.7071	12.3576	18.4565	12.3576	27.9421	24.2183	12.3576	16.9239	12.3576	21.712	24.306	20.0826	21.6695	17.6968	12.3576	12.3576	18.2535	12.3576	21.6386	19.9385	12.3576	20.3484	12.3576	22.5334	12.3576	21.1696	13.5765
Sulfolithocholylglycine	19.4247	18.6049	18.5971	23.0691	11.5255	11.5255	21.7151	15.2342	17.3304	17.2944	16.0036	18.8973	16.0534	18.0913	16.6624	19.7815	18.738	15.9884	16.0044	18.8463	18.0789	15.377	20.2154	17.5521	23.552	15.6333	11.5255	16.2629	19.576	16.767	13.7573	22.6649	19.1063	17.8412	19.0228	14.2509	20.5431	19.1815	18.6765	19.9017	11.5255	21.5918	16.9488	11.5255	16.0665	20.1456	18.6134	12.6733	17.0392	19.4367	18.6566	20.2752	18.8408	14.9032
Glycoursodeoxycholic acid	19.2786	19.0221	12.6202	18.6823	12.6202	16.0191	20.6906	12.6202	16.3432	16.4165	14.0997	19.5911	15.5377	20.2762	19.232	22.414	18.3464	12.6202	16.4596	12.6202	16.1027	20.3368	19.7675	12.6202	20.8024	18.6055	12.6202	12.6202	18.4417	16.9314	12.6202	22.3092	19.9575	19.0236	12.6202	12.6202	20.8683	18.6967	18.1633	18.9723	20.9278	17.8668	16.7942	12.6202	21.6655	18.6659	17.5301	19.3322	16.4031	19.0765	20.3397	20.5257	12.6202	12.6202
Guanidoacetic acid	22.7777	22.3879	16.1198	24.3145	17.5191	21.4351	19.1191	16.1198	19.2709	16.1198	23.1753	22.1016	16.1198	24.4399	16.1198	23.2349	18.6802	21.5927	22.989	24.158	21.7568	21.1065	19.8382	21.6627	25.0452	24.1608	22.4014	22.4686	16.1198	20.7246	20.7873	23.4384	16.1198	20.947	16.1198	24.5933	16.1198	19.9552	19.4171	21.302	17.2259	16.1198	26.5819	16.1198	22.1611	22.0653	22.3125	18.3122	21.4158	16.1198	24.2132	16.1198	23.4659	25.963
Guanidinosuccinic acid	15.0672	15.0672	15.0672	19.7519	15.0672	20.114	20.1123	15.0672	15.0672	18.6124	15.0672	17.1498	15.0672	15.0672	23.0698	17.3478	15.0672	15.0672	15.0672	15.0672	15.0672	18.9825	15.0672	15.0672	19.4054	15.0672	16.3937	15.0672	15.0672	15.0672	15.0672	15.0672	22.0559	15.0672	21.5695	18.4986	18.7821	16.6143	21.1011	15.0672	15.0672	17.8894	22.5221	15.0672	20.2528	21.6497	21.3304	20.4906	15.0672	19.2591	20.7273	21.8043	19.5814	15.0672
Guanine	22.8248	21.2236	16.7683	18.8794	17.2746	20.28	17.8502	19.6752	15.4725	21.226	24.1817	17.2142	20.8374	15.6996	19.6681	16.1614	17.7733	18.7256	20.674	19.9645	19.4888	18.5931	18.81	25.0773	13.4475	21.0119	18.9336	20.9884	19.036	17.6494	18.8955	21.9392	18.0606	17.06	21.637	21.9758	20.2001	18.4521	19.7674	18.9157	19.4123	22.0804	20.2907	17.9543	18.1069	21.2186	17.9806	18.1587	17.0856	20.3227	20.024	19.406	17.4088	18.69
Heme	13.9349	17.8736	24.1294	18.0067	13.9349	13.9349	13.9349	13.9349	13.9349	13.9349	13.9349	13.9349	13.9349	13.9349	13.9349	13.9349	13.9349	21.9501	13.9349	13.9349	13.9349	13.9349	13.9349	18.8223	15.8968	13.9349	19.6402	19.6595	13.9349	13.9349	13.9349	19.0189	13.9349	13.9349	13.9349	13.9349	13.9349	13.9349	13.9349	17.2912	13.9349	13.9349	13.9349	13.9349	13.9349	13.9349	13.9349	13.9349	13.9349	17.8849	13.9349	13.9349	19.0431	13.9349
Histamine	23.9717	20.129	22.2872	27.2268	25.5724	26.2001	24.5024	21.5399	24.0826	24.9041	20.6136	15.1305	27.5477	15.1305	25.4574	20.3362	23.0101	19.0359	20.9022	21.8106	20.3108	23.7607	23.2936	22.522	24.1977	19.5006	25.8632	24.4122	23.0302	18.9257	21.7064	23.047	23.6049	22.4848	24.1977	23.9225	24.2044	27.1364	24.889	19.4536	25.9047	27.2599	23.6409	22.7036	25.134	25.8366	24.1028	24.0197	18.6334	19.5218	25.9631	26.2795	26.2035	23.0852
(S)-Homostachydrine	19.5116	21.1107	20.3121	21.6097	19.4943	16.9888	16.3009	19.9755	14.702	20.451	18.4884	17.4914	17.6795	19.0122	19.8905	19.0449	16.9511	20.3775	16.4312	16.9264	18.1166	18.4906	12.7669	10.8626	17.7526	15.3596	17.0359	18.5577	19.5891	19.5962	10.8626	16.2406	18.0582	19.7501	17.987	10.8626	22.2537	17.0158	16.5001	21.7082	20.9927	18.3997	22.6456	18.2439	18.9024	18.3449	10.8626	19.2335	17.354	18.6859	17.987	18.5582	17.9218	15.319
Hypotaurine	17.0613	14.6941	14.6941	14.6941	20.2631	18.7336	21.2633	23.2162	19.2949	17.7997	20.9778	18.1207	22.105	14.6941	20.9189	14.6941	14.6941	19.3592	22.9611	18.629	14.6941	14.6941	17.9468	21.7802	18.8734	22.5083	19.22	21.2767	14.6941	20.7258	21.0771	19.6288	18.9766	14.6941	19.4553	16.3219	21.2023	18.2976	18.7489	14.6941	23.0229	20.1569	22.9993	22.1237	19.0231	21.627	20.8863	14.6941	14.6941	14.6941	21.8352	15.471	21.0767	18.8437
Imidazolepropionic acid	15.2046	12.7518	22.4492	15.2006	20.556	24.7325	22.4553	17.7739	17.9992	12.7518	22.1357	18.9209	22.7597	16.0687	19.9371	12.7518	12.7518	17.5822	20.8448	17.4686	21.3907	20.0272	18.6299	19.151	16.3201	24.7673	12.7518	19.0104	20.19	22.446	18.2146	17.1065	23.4212	20.1629	18.8649	15.7881	21.0324	21.7207	19.8247	25.8128	26.5276	18.1002	17.4607	12.7518	24.2849	17.9883	19.1506	22.0191	18.548	18.9083	21.4606	21.8806	19.5601	16.2242
Indole-3-propionic acid	16.818	14.5744	12.8116	18.3451	12.8116	17.7022	12.8116	15.719	12.8116	12.8116	17.5132	12.8116	18.4563	12.8116	12.8116	12.8116	15.0621	21.1263	15.619	12.8116	12.8116	12.8116	20.0067	18.5447	13.6455	15.8789	12.8116	12.8116	12.8116	12.8116	12.8116	17.4656	12.8116	12.8116	18.3834	18.288	18.0769	17.4754	17.4656	12.8116	12.8116	15.687	17.2153	22.3479	12.8116	16.8999	12.8116	17.2847	20.2732	12.8116	12.8116	12.8116	17.4668	14.862
myo-Inositol 1-phosphate	19.9562	19.1924	13.4799	19.124	19.0087	18.5003	16.4693	13.4799	17.3534	16.5494	18.5422	17.0283	18.76	16.1271	19.6398	13.4799	18.0887	17.5648	13.4799	17.7097	18.9275	17.6078	18.237	13.4799	16.0872	13.4799	17.2489	17.1429	18.5726	13.4799	18.9965	13.4799	19.5984	17.1224	19.138	18.5563	19.2995	19.3373	17.7033	13.4799	13.4799	19.3385	19.6748	13.4799	18.4967	13.4799	18.0748	16.1856	16.0249	18.0634	19.7783	19.7005	17.6054	13.4799
Kynurenic acid	11.5314	11.5314	11.5314	15.9983	11.5314	11.5314	14.8874	11.5314	11.5314	16.2054	16.8942	16.7507	15.6469	15.1972	15.2952	15.1598	13.2332	16.5287	15.5699	11.5314	15.8625	11.5314	19.2189	11.5314	11.5314	13.7749	15.0061	15.968	11.5314	11.7087	11.5314	15.9534	15.8282	16.0743	16.741	14.8522	14.8833	15.3739	11.5314	16.8522	16.4627	14.4504	11.5314	11.5314	15.5286	11.5314	15.6135	15.4031	11.5314	17.2071	11.5314	14.4514	12.7469	11.5314
Dodecanoylcarnitine	24.5343	23.9701	18.5831	14.3809	19.7654	14.3809	22.1388	14.3809	20.5087	14.3809	25.2592	21.4187	19.5196	22.9793	23.037	15.9112	18.2265	21.5664	21.1246	22.7536	20.124	21.0338	19.3811	20.9608	15.916	14.3809	18.8723	22.5022	22.9742	19.7451	19.3079	20.4395	19.7222	14.3809	22.8573	21.7271	20.7146	23.0095	20.299	20.6874	20.4427	18.3799	21.8356	22.2877	19.6263	19.0866	18.8935	19.8707	25.0978	22.0669	22.0167	20.2683	23.0197	21.4317
Lidocaine	20.4851	14.487	22.1264	16.9844	23.1159	25.7451	20.0296	23.6937	17.4522	25.9502	19.6819	15.89	14.487	25.3333	23.7465	18.1936	17.5696	21.7456	25.026	14.487	28.851	23.8065	17.2257	15.223	25.4253	24.2493	26.7986	24.3605	26.3776	25.0441	25.0285	25.7383	26.0193	24.3946	31.0008	26.9102	28.5851	25.0316	25.704	26.5331	25.6297	26.0438	25.8789	26.7957	22.2273	25.8506	25.8486	25.549	26.8525	17.4822	17.116	14.597	18.9442	23.5803
D-Maltose	14.8188	18.3906	13.1864	18.7474	20.1937	18.7431	19.0233	13.1864	20.5883	19.9696	18.4929	20.6388	20.8912	16.7259	18.8926	18.9395	20.1864	20.6117	14.5722	13.1864	19.7403	13.1864	18.3252	13.1864	19.2818	13.1864	20.6686	13.1864	19.649	21.056	13.1864	20.747	20.6416	21.3261	18.9605	19.3503	20.1241	21.8896	21.0475	21.3229	19.3217	20.3335	18.4604	13.1864	19.0895	19.9727	22.2228	22.755	17.7376	18.9846	17.8198	20.6195	20.0528	13.1864
Maltotetraose	14.1368	17.202	11.2883	16.9947	18.33	18.401	15.7553	15.4181	18.8729	17.5062	16.0681	19.3957	18.8425	15.9629	16.3243	17.9318	17.2926	16.6388	11.2883	16.1799	17.4959	16.3558	17.7033	11.2883	17.9318	12.7419	16.7377	17.9643	18.6404	18.3073	16.5221	15.7139	20.0337	19.2292	16.1534	14.7276	17.9318	20.2744	19.443	19.6389	18.3607	18.8682	16.8675	11.2883	16.3498	17.9805	19.8551	21.6966	15.8224	18.22	15.9105	17.9318	13.3636	14.3362
Maltotriose	14.2585	18.0847	13.6609	16.2546	20.1922	19.2933	18.2718	13.6609	20.1792	19.003	19.5034	20.8714	20.0198	18.9778	18.34	19.645	20.1215	19.2401	13.6609	16.4667	19.5972	18.0728	18.4807	13.6609	19.8754	13.6609	19.2479	17.021	20.2949	20.3087	17.3944	18.3562	20.9475	21.3135	19.0768	18.1535	19.9154	22.2831	21.1684	21.8932	19.8909	20.4887	18.8642	13.6609	19.156	19.7862	22.0629	22.9996	17.6188	20.1808	17.0173	20.348	19.4026	13.6609
5,8,11-Eicosatrienoic acid	23.1714	24.1743	17.7733	22.0537	22.4932	24.2125	21.6159	22.0105	20.0786	24.1329	25.7664	23.7932	28.3672	19.5594	20.5724	19.6245	16.7083	32.9241	26.3704	22.9786	24.2978	21.6154	21.5193	25.5109	23.6107	27.2077	22.5196	18.8511	17.5117	23.7726	25.3895	26.4125	20.1384	17.682	24.677	21.1193	22.2796	23.5516	28.7665	19.2989	22.3804	24.7958	18.4655	20.829	21.6674	23.1022	19.708	24.3488	19.6937	19.2967	22.7288	21.8316	20.9844	21.7943
2,4-Dihydroxyacetophenone 5-sulfate	15.1295	12.0279	18.4879	18.4793	14.8973	22.7931	12.0279	17.8118	19.0279	19.5788	12.0279	12.0279	18.7624	19.3415	19.3959	18.3883	12.0279	19.2484	17.8746	19.0565	20.5731	18.276	14.4738	19.3119	19.0677	17.9173	23.6277	20.7588	20.2352	16.7164	16.6255	20.6791	18.1709	16.6466	21.6021	21.0422	20.7285	19.098	20.9412	20.1804	18.4468	19.0677	18.9228	20.1794	12.0279	18.326	18.3502	18.9089	19.0677	12.0279	12.0279	19.1064	16.0403	19.6515
N1-Acetylspermine	20.6145	21.4694	17.0567	11.983	11.983	11.983	11.983	21.6999	24.6271	15.4543	20.2335	21.7037	17.9949	11.983	11.983	11.983	14.4153	21.3782	20.3544	14.2118	19.6599	11.983	11.983	20.3488	17.4995	16.1794	19.5035	19.1204	11.983	20.4406	15.6682	20.0462	16.8538	11.983	11.983	19.4383	14.7852	15.3296	11.983	17.3595	11.983	15.7843	11.983	19.3875	11.983	17.9465	17.464	16.2582	11.983	11.983	11.983	11.983	22.1923	22.3477
2-Furoylglycine	13.0706	15.0677	12.3376	15.9221	13.5441	15.1511	14.681	7.99435	7.99435	13.6092	14.5447	7.99435	7.99435	7.99435	15.1305	7.99435	16.28	7.99435	7.99435	7.99435	7.99435	7.99435	13.7393	14.5218	7.99435	7.99435	7.99435	13.9839	7.99435	14.7292	7.99435	7.99435	17.396	14.5881	7.99435	7.99435	7.99435	7.99435	15.3006	13.3344	15.2262	12.8392	7.99435	7.99435	11.1618	7.99435	7.99435	14.391	7.99435	13.1053	7.99435	14.6338	7.99435	7.99435
N4-Acetylcytidine	14.3168	15.7208	14.899	16.81	12.0224	14.505	14.9516	17.3389	18.2714	18.1723	17.1185	16.704	17.3001	15.4411	16.0297	15.3214	12.0224	18.6849	18.4699	14.6862	16.3647	12.0224	17.673	17.6332	17.6043	19.6115	15.4181	15.5863	17.2026	17.2128	14.0766	14.765	15.7727	12.0224	16.2427	12.0224	16.2786	12.0224	13.2691	16.9383	12.0224	15.3839	12.0224	15.6343	15.8894	12.0224	12.0224	16.2481	14.4423	12.0224	14.0199	12.0224	16.0969	16.6361
N6-Methyladenosine	17.1198	18.6076	12.8386	12.8386	12.8386	12.8386	13.3473	14.6254	12.8386	15.0838	18.5137	12.8386	16.7849	12.8386	16.8549	12.8386	14.9071	16.9761	17.1024	17.0467	12.8386	12.8386	15.7886	19.353	12.8386	15.6624	14.2063	16.5925	17.654	12.8386	18.2777	16.5697	12.8386	17.1716	19.128	12.8386	20.2827	17.5371	16.6732	17.495	17.4654	18.4674	12.8386	13.9102	12.8386	16.9546	12.8386	12.8386	13.4077	12.8386	16.7962	16.026	12.8386	12.8386
N-Acetylaspartylglutamic acid	13.0995	13.0995	13.0995	17.6459	18.095	13.0995	18.2563	13.0995	17.5042	13.0995	23.7352	15.5663	18.9907	13.0995	18.8552	13.0995	13.0995	13.0995	18.2866	19.1473	16.3175	13.0995	18.5853	18.737	19.1835	13.0995	16.3686	13.1713	17.5891	16.7544	19.2267	13.0995	15.9126	13.0995	16.8329	22.7128	19.7382	13.0995	13.0995	13.0995	19.2042	17.5188	18.1124	13.0995	17.9308	17.107	16.6125	13.0995	13.0995	13.0995	19.9744	13.0995	18.6939	13.0995
Acetylcarnosine	13.1038	13.1038	14.7269	17.3741	17.4071	16.0812	17.8358	13.1038	13.1038	13.1038	13.1038	13.1038	14.6765	13.1038	17.1259	13.1038	13.1038	13.1038	17.7498	13.1038	17.3829	13.1038	20.9287	17.006	16.1866	14.1297	13.1038	13.1038	18.84	13.1038	13.1038	17.0202	17.9713	15.4806	13.9998	13.1038	17.3587	13.1038	16.6962	13.1038	13.1038	13.1038	17.0134	13.1038	19.2469	13.1038	16.8698	15.6252	13.1038	13.1038	13.1038	13.1038	15.9002	13.1038
N-Acetyl-glucosamine 1-phosphate	18.7922	19.3085	15.4766	18.4951	16.8169	18.0459	17.4259	20.6743	20.6565	19.2209	18.9116	19.6743	20.5325	9.51767	17.7932	20.1037	16.781	18.8549	19.2152	17.569	18.6407	19.1011	19.8846	17.4923	18.1617	18.1546	21.0257	18.1455	19.189	18.8628	19.7342	17.9865	9.51767	21.8056	19.1929	17.7007	18.6535	19.2395	19.8844	17.576	21.448	19.3603	18.2383	18.8358	19.1578	20.4262	19.7766	19.8084	19.606	17.2022	17.398	18.456	17.955	19.1045
N-Acetylglutamine	22.1098	23.0013	19.6319	23.3952	20.4592	20.2406	20.9722	18.5017	17.8876	20.5903	23.7859	18.4351	22.1715	18.3401	21.869	21.6102	20.9743	20.2171	21.2925	23.8794	23.9727	18.8896	24.2275	21.1755	21.684	19.5535	18.1521	22.1439	21.463	19.2924	19.6408	18.3015	20.8206	23.3783	20.5224	19.4631	24.2425	22.0603	20.6728	21.6823	24.0482	19.9413	20.1096	12.3813	21.5947	19.613	22.6349	20.5457	19.9573	22.4716	20.883	19.9715	21.263	18.4703
Acetylglycine	15.8839	14.7439	15.4593	17.6831	13.9481	17.4545	12.0795	15.5704	18.1554	15.4335	17.0015	14.7322	14.4714	16.4625	14.7584	12.0795	14.5835	16.7014	16.9466	15.9457	16.3186	14.0225	12.0795	17.0713	16.7979	16.2819	18.0277	15.7836	12.0795	15.9591	12.0795	16.264	15.5472	12.0795	13.9666	18.7625	17.5845	15.7561	12.0795	15.8222	16.9385	14.6443	12.0795	16.9632	12.0795	12.0795	13.5074	12.0795	12.0795	13.9358	16.5678	16.6664	17.3048	15.4539
N-Acetyltryptophan	24.0591	25.0844	18.4417	21.537	20.3832	18.5405	20.6299	20.1369	20.8586	21.5927	17.3319	18.7488	19.4562	19.1135	22.175	20.3047	22.0738	19.8997	20.636	19.7601	23.3538	21.8077	22.1356	21.9618	14.4254	13.2701	20.1053	20.2995	22.1658	16.8446	21.6111	15.9772	21.2516	21.846	21.1728	16.2036	23.0519	22.7072	19.2487	17.8521	20.2272	20.5012	22.1064	15.583	18.9507	22.6383	21.7892	17.8131	21.8425	21.735	20.0689	21.7228	19.3165	15.7421
Monoethylglycinexylidide	18.2168	14.2315	14.2315	14.2315	21.94	24.7361	14.2315	23.9572	14.2315	25.6196	14.2315	14.8476	14.2315	26.2863	25.1272	14.2315	16.3153	17.7335	22.8261	14.2315	26.314	23.2662	16.0601	14.2315	26.9057	24.3024	27.4238	24.7549	26.6742	26.1855	24.9289	23.8413	26.4459	26.6005	28.6295	25.5404	26.1912	24.4143	24.9361	26.4616	24.8455	25.0738	25.3894	27.025	22.8914	25.9376	27.702	25.6343	26.8481	14.2315	14.2315	14.2315	14.2315	23.9143
NADH	18.9258	17.9132	17.3772	18.2417	14.5684	17.0481	17.6766	17.5744	15.615	16.5449	12.2883	15.696	12.2883	12.2883	19.4148	16.9873	19.0355	12.2883	17.1308	16.7189	15.2434	16.2879	17.6022	13.9643	12.2883	12.2883	13.6254	17.9416	19.1186	13.2018	17.3613	12.2883	17.47	16.9959	17.4977	16.8465	16.1005	14.2945	15.6585	17.9167	14.9525	16.4164	18.9615	15.3134	16.6956	17.7415	13.5861	12.2883	16.7528	16.3401	18.6223	16.799	17.8281	17.0624
Nicotinamide ribotide	20.4779	21.1617	20.4257	18.6844	15.2343	18.9742	21.2213	21.7595	20.5816	21.9824	13.16	21.1209	20.0921	21.5582	20.3938	20.1758	20.8515	22.2548	22.8894	16.8614	21.9803	21.7052	20.437	15.4446	21.3073	21.453	15.5646	21.2146	21.4434	22.5448	19.4193	18.6306	20.8158	22.0971	22.5255	20.2569	20.4358	20.5061	20.6919	21.4022	19.2059	18.6339	20.2001	18.7528	19.8538	19.6518	19.8172	22.7832	20.7663	20.99	19.2374	18.8419	19.6552	19.1956
Oleoylethanolamide	17.368	16.6415	12.526	12.526	15.7984	16.417	17.6528	18.8876	17.9429	19.3397	17.6423	17.6188	19.4641	18.0677	14.771	18.1443	16.7548	16.6234	19.0199	17.2617	18.6455	15.9071	16.152	21.0274	20.1687	21.1089	17.0807	18.49	17.5501	19.6953	17.5576	19.3615	17.0199	19.5478	20.3343	16.8995	17.7372	17.5582	20.4109	17.8362	19.1801	18.7585	14.6876	19.569	18.4222	18.0265	16.0248	17.0098	17.49	15.5684	12.526	15.7067	17.7313	19.6409
Orotidine	20.2132	21.4673	17.9085	18.9948	14.4108	19.8589	17.0758	14.4108	20.4691	19.2377	20.9234	17.3236	19.0424	14.4108	17.794	14.4108	14.4108	20.0374	19.5706	18.9764	16.5653	17.3575	18.1634	19.2961	14.4108	19.6971	18.5775	18.2626	15.3798	18.8518	18.3257	17.25	14.4108	14.4108	14.8518	17.3852	18.5581	17.25	17.5468	19.578	18.2298	18.2634	16.501	16.5114	16.8789	17.6303	14.4108	18.566	14.4108	17.25	19.5766	18.3504	17.2359	19.4761
Paraxanthine	21.3783	23.2531	24.7769	17.2317	12.042	16.763	16.7927	17.4518	15.7793	17.6597	12.042	16.3405	16.7563	12.042	12.042	14.4236	21.153	14.3899	17.0318	18.1809	12.042	17.8949	19.6348	15.7563	17.1786	16.2636	12.042	12.042	17.6649	16.6687	19.163	15.7343	20.447	22.0302	15.9441	12.042	19.813	15.8803	17.2181	14.8355	17.0989	16.1232	20.0733	15.4778	20.1805	12.042	16.8045	20.8848	12.042	12.042	20.8891	15.7884	12.042	17.9475
p-Cresol sulfate	22.0807	21.6002	18.8468	24.2622	14.5783	17.7069	22.3369	22.5067	23.0352	20.1251	21.3288	18.5139	22.8966	19.4359	20.2743	21.2173	22.3527	23.5919	20.7727	20.4288	20.219	19.5456	20.4535	23.117	21.1353	18.8951	21.2885	20.4322	18.8565	17.0063	17.5057	22.8658	18.9483	19.7017	17.9185	20.5567	20.5407	20.6068	21.1903	18.7932	19.5796	17.5651	21.445	20.2574	16.4223	20.1563	17.3255	16.3581	20.6802	20.4871	18.2782	20.6255	20.498	20.6802
Phenylacetylglutamine	22.2699	22.3754	23.7103	24.8709	18.9884	20.7486	25.4757	21.4116	20.6155	25.2124	20.7259	19.6699	23.8235	24.5835	22.4056	23.7015	25.6176	21.7134	21.1433	21.662	23.9807	22.6929	23.5865	21.2914	20.957	21.0459	19.4406	22.1632	22.7756	18.8794	18.3785	20.7607	22.2104	23.1335	22.4801	19.3533	22.6841	23.8108	22.6934	23.7017	24.3777	19.0976	20.0094	17.2824	21.815	20.4857	21.5288	24.7856	21.2964	23.8226	20.705	22.4767	23.5682	19.6292
Phenylalanylalanine	21.1314	22.0924	15.1568	17.128	17.2481	18.6145	18.5715	20.0201	20.7462	20.3891	18.7409	21.3332	20.398	17.3556	14.1142	18.6976	16.3542	21.4924	18.1201	14.1142	20.7758	18.8694	17.7854	14.1142	19.2559	19.0393	19.7409	14.1142	20.2556	19.5563	18.5348	14.1142	16.5137	19.2839	19.0673	18.7409	17.8444	19.3181	19.3307	18.7424	18.8247	19.9222	14.1142	17.9021	14.1142	18.9528	18.5162	18.6242	17.7845	16.6662	18.7259	16.5758	19.9742	19.7885
Phenylpyruvic acid	16.0427	16.8556	15.9775	16.3214	11.4661	15.9768	16.6108	16.0231	16.9754	16.6137	11.4661	15.9954	16.6882	11.4661	11.4661	15.4993	15.7826	11.4661	16.6854	11.4661	11.4661	11.4661	14.6061	20.2574	16.2107	16.3828	17.3028	17.0427	15.784	15.3152	11.4661	17.5923	13.9792	15.6553	16.2775	15.4508	16.6091	11.4661	16.6852	11.4661	16.2544	17.117	16.0414	17.8558	11.4661	17.2264	14.2167	16.6071	11.4661	15.0397	16.1351	11.4661	16.5855	16.7854
Piperine	17.0842	16.8771	22.7034	19.4589	18.4148	20.691	21.4024	18.0489	13.8362	14.2728	13.8362	22.4422	17.8113	13.8362	19.6528	19.0168	16.3722	13.8362	17.8401	21.6486	18.9691	13.843	21.258	13.8362	16.9133	13.8362	19.0168	19.7425	18.8228	17.2866	18.6587	13.8362	18.0797	21.8904	17.3005	17.43	13.8362	22.1024	13.8362	20.3984	18.9586	18.7299	18.2871	19.3144	16.0146	19.0168	20.4124	20.6923	13.8362	13.8362	19.0743	18.7105	13.8362	18.9676
Pregnanediol	16.956	17.5251	15.3351	21.9488	15.1848	18.2348	17.1594	15.2713	17.9385	17.6702	11.5817	18.6609	11.5817	11.5817	16.558	18.2436	15.3314	15.8615	11.5817	17.904	17.3747	17.8768	19.9953	19.478	22.7249	16.6369	11.5817	16.091	17.3344	11.5817	11.5817	19.6308	11.5817	18.4268	11.5817	11.5817	17.9295	14.2198	16.8828	17.1246	11.5817	16.9042	11.5817	11.5817	18.3869	13.6296	15.8686	12.7394	16.921	11.5817	14.3128	11.5817	16.5417	15.4621
Pterin	13.247	13.247	13.247	18.205	16.5202	13.247	13.247	13.247	15.114	18.3858	13.247	16.6264	13.247	13.247	17.2863	13.247	19.0215	18.1501	16.8838	17.1387	18.7655	13.247	20.4932	18.8949	18.9679	13.247	13.247	14.4855	17.6115	15.8808	13.247	13.247	18.2006	20.1993	19.352	13.247	18.609	16.5178	16.2843	13.247	17.3994	13.247	17.7133	13.247	18.5731	13.247	16.1843	13.247	13.247	13.247	14.5909	13.6022	16.5775	13.247
Quinolinic acid	22.4254	16.8911	15.5133	20.8774	20.0264	19.1871	19.4471	18.1066	19.3421	15.5133	22.0966	15.5133	19.6382	15.5133	20.3242	15.5133	15.5133	19.3161	18.3723	21.5542	18.5748	17.9386	19.8384	23.1127	15.5133	15.5133	21.3652	23.9556	15.5133	16.9997	19.3213	20.7035	18.6934	15.5133	25.4501	15.5133	23.2832	18.231	17.7111	19.4201	24.2118	20.8869	20.8328	18.6127	15.5133	19.5191	15.5133	17.4697	15.5133	18.1429	23.4967	20.5879	20.2122	15.5133
Ranitidine	12.1315	12.1315	23.5255	20.4552	14.4307	29.4366	14.1078	21.7218	28.8713	12.1315	12.1315	14.774	20.2135	24.6716	12.1315	23.5253	12.1315	22.6852	14.4522	12.1315	12.1315	20.3443	12.1315	12.1315	18.9582	23.4458	12.1315	12.1315	13.5732	14.4822	19.3457	12.1315	12.1315	19.951	12.1315	21.9537	15.4282	12.1315	22.5723	12.1315	22.3242	22.9426	15.4883	21.2972	14.4077	22.2444	25.5712	18.3468	12.1315	12.1315	20.5151	12.1315	12.1315	20.0595
Stearoylcarnitine	19.5283	18.86	18.3593	17.386	11.7686	17.4125	16.7704	22.2224	18.6814	17.0315	17.9418	17.6615	19.2339	19.2562	18.7599	16.2938	19.7915	17.3654	17.8124	17.8051	17.7497	16.6371	15.0031	19.9229	11.7686	17.6768	17.2416	16.0276	17.0288	16.3219	16.229	18.5871	11.7686	13.7619	17.6785	17.0393	15.8601	18.7798	17.9328	20.1998	18.9275	19.3195	15.4828	17.0901	16.5112	18.4305	17.3368	17.1882	17.2256	11.7686	15.2353	17.2312	17.3179	19.4524
Taurochenodesoxycholic acid	22.2691	22.7676	24.2867	24.2122	21.7477	19.6131	25.0565	17.1207	18.206	23.8522	21.4742	24.2088	22.2063	20.9675	25.0669	27.8013	22.3493	20.9898	23.1849	21.8886	23.3441	20.481	27.1832	16.8332	27.7169	22.8656	17.6244	21.6021	26.1497	20.6879	21.268	26.5497	23.8113	23.3763	23.0373	16.5841	22.2864	26.4432	23.8037	23.3856	21.6072	24.9696	21.8331	15.7851	23.3224	22.1665	22.8244	23.1749	24.6688	21.6666	22.5059	24.1105	23.1972	17.3918
Taurocholic acid	19.9906	20.5186	20.7547	23.8604	19.0646	17.2839	24.2059	13.3126	16.1448	21.5571	20.572	22.9491	22.7567	21.8161	23.4722	26.2245	22.9581	17.4137	20.9736	20.6606	24.9072	22.1301	26.1822	13.3126	24.0144	21.1017	13.7069	17.1409	21.3519	15.4616	19.6189	26.2666	24.2875	23.3193	21.5159	13.3126	21.3462	24.1691	20.0971	24.753	21.4367	23.6552	19.9238	16.3097	24.4358	19.0019	22.0304	23.616	22.1886	22.4192	21.9497	21.4326	22.0429	13.3126
Taurodeoxycholic acid	12.0607	12.0607	12.0607	23.1056	12.0607	12.0607	21.1606	13.6251	15.9682	12.0607	12.0607	12.0607	12.0607	17.8658	12.0607	24.7569	20.5535	12.0607	12.0607	19.9903	12.0607	19.2255	12.0607	12.0607	12.0607	12.0607	12.0607	17.6756	12.0607	12.0607	12.0607	24.8807	21.471	12.0607	12.0607	12.0607	19.9974	23.5212	12.0607	20.3496	12.0607	12.0607	12.0607	12.0607	12.0607	12.0607	19.5657	12.0607	21.5498	12.0607	20.0891	12.0607	20.2769	12.0607
Taurolithocholic acid 3-sulfate	18.8348	18.5767	17.6289	21.1735	15.9633	11.9618	20.0887	16.4518	11.9618	16.697	14.4596	17.6091	18.1983	14.4235	15.3636	18.7154	13.8276	18.9758	16.7606	17.6485	14.7916	11.9618	20.7946	17.2902	22.8439	11.9618	11.9618	14.4041	17.6468	13.5428	17.2367	19.1796	17.5949	17.8366	20.8023	11.9618	20.5904	20.5095	17.1677	18.7684	15.1874	22.264	17.5197	11.9618	15.8734	19.0634	17.9158	11.9618	18.9257	17.5123	15.0997	17.5852	19.062	11.9618
Tauroursodeoxycholic acid	18.252	18.0835	12.3802	16.0353	12.3802	12.3802	18.3054	12.3802	12.3802	15.9381	12.3802	14.2507	12.3802	14.3872	15.9497	19.6029	14.9396	12.3802	14.7714	12.3802	14.6259	16.2732	19.1295	12.3802	18.5146	12.3802	12.3802	12.3802	15.0942	15.0707	12.3802	19.1825	16.8536	17.8575	12.3802	12.3802	16.4434	17.947	12.3802	17.228	18.3031	17.8481	17.1665	12.3802	18.7775	15.7428	17.1074	16.5823	17.6613	14.8523	16.7601	16.3692	12.3802	12.3802
Theobromine	21.5087	22.4308	22.451	22.0982	14.6904	21.4724	18.5392	21.7849	16.451	20.4994	13.705	21.8959	18.2322	13.705	19.3553	16.6428	20.1341	20.7216	20.7538	19.1117	17.3006	19.2881	19.8187	17.3838	21.0935	19.8414	13.705	14.8771	19.9302	18.8145	21.4231	21.9756	20.6238	22.594	16.0378	16.3218	20.6572	16.7377	19.4491	18.9766	23.84	16.4378	22.8138	20.0154	20.3361	15.5511	13.705	19.9713	16.0871	13.705	22.2916	20.5116	13.705	21.0163
Thymine	16.1162	15.1474	10.4605	16.7583	14.5121	14.4036	14.1533	15.8156	15.5144	15.0856	17.6692	16.5523	17.944	15.4665	13.0566	10.4605	14.4508	18.7979	16.139	16.0773	15.8776	10.4605	15.4864	15.2842	16.3079	18.4514	15.5892	16.1699	10.4605	18.9987	15.0569	15.8428	10.4605	15.8982	14.3276	15.6928	17.4201	14.7898	10.4605	15.2835	13.9298	17.4888	14.6292	17.7448	13.1782	14.0504	16.4608	14.606	10.4605	10.4605	12.9381	10.4605	17.174	16.2709
Thymol	15.6083	10.062	10.062	10.062	10.062	10.062	10.062	16.0112	10.062	13.8754	15.4222	10.062	10.062	10.062	15.8065	17.1627	10.062	10.062	10.062	15.3693	10.062	10.062	16.6162	18.1731	16.8018	10.062	17.8732	10.062	10.062	10.062	10.062	17.7411	16.3409	15.4906	10.062	15.4444	16.9838	15.7533	16.1134	17.1432	10.062	15.8781	10.062	10.062	10.062	10.062	10.062	10.062	10.062	10.062	15.034	10.062	15.3607	17.1781
Uridine diphosphate glucuronic acid	17.2966	18.3784	10.9936	13.4932	15.9465	13.3123	16.6946	10.9936	12.7372	15.9465	17.4948	14.8708	10.9936	10.9936	18.0683	10.9936	10.9936	10.9936	10.9936	17.3187	17.876	10.9936	15.9427	17.6765	10.9936	14.069	14.2337	18.9584	16.7316	10.9936	15.8309	10.9936	18.0805	14.7232	16.4783	17.1898	15.8334	10.9936	10.9936	16.8153	10.9936	15.9681	19.2137	17.0594	14.2011	16.149	15.5363	10.9936	13.5342	14.8957	16.4855	15.3496	16.7719	13.4362
Uridine 5'-diphosphate	18.6456	18.5672	16.9824	18.4569	18.6996	17.1441	18.1068	17.258	16.5865	16.5953	16.7893	14.3777	10.1111	10.1111	18.814	15.9404	16.8504	10.1111	14.8639	18.3131	18.0423	10.1111	18.0228	16.846	13.489	15.3224	10.1111	17.6329	17.1919	14.0183	15.3151	10.1111	16.5047	15.4201	17.7919	17.305	17.5244	17.7513	14.7215	18.7988	16.8595	16.9159	20.0745	16.2616	17.1775	17.8348	17.0143	10.1111	16.6512	18.0299	17.9384	17.4225	16.3404	16.0754
